CHAPTER	O	O	O	O	
I	O	O	O	O	
In	O	O	O	O	
Chancery	B-FAC	O	O	O	
London	B-GPE	O	O	O	
.	O	O	O	O	

Michaelmas	O	O	O	O	
term	O	O	O	O	
lately	O	O	O	O	
over	O	O	O	O	
,	O	O	O	O	
and	O	O	O	O	
the	O	O	O	O	
Lord	B-PER	B-PER	O	O	
Chancellor	O	I-PER	O	O	
sitting	O	O	O	O	
in	O	O	O	O	
Lincoln	B-FAC	O	O	O	
's	I-FAC	O	O	O	
Inn	I-FAC	O	O	O	
Hall	I-FAC	O	O	O	
.	O	O	O	O	

Implacable	O	O	O	O	
November	O	O	O	O	
weather	O	O	O	O	
.	O	O	O	O	

As	O	O	O	O	
much	O	O	O	O	
mud	O	O	O	O	
in	O	O	O	O	
the	B-FAC	O	O	O	
streets	I-FAC	O	O	O	
as	O	O	O	O	
if	O	O	O	O	
the	O	O	O	O	
waters	O	O	O	O	
had	O	O	O	O	
but	O	O	O	O	
newly	O	O	O	O	
retired	O	O	O	O	
from	O	O	O	O	
the	O	B-LOC	O	O	
face	O	I-LOC	O	O	
of	O	I-LOC	O	O	
the	B-LOC	I-LOC	O	O	
earth	I-LOC	I-LOC	O	O	
,	O	O	O	O	
and	O	O	O	O	
it	O	O	O	O	
would	O	O	O	O	
not	O	O	O	O	
be	O	O	O	O	
wonderful	O	O	O	O	
to	O	O	O	O	
meet	O	O	O	O	
a	O	O	O	O	
Megalosaurus	O	O	O	O	
,	O	O	O	O	
forty	O	O	O	O	
feet	O	O	O	O	
long	O	O	O	O	
or	O	O	O	O	
so	O	O	O	O	
,	O	O	O	O	
waddling	O	O	O	O	
like	O	O	O	O	
an	O	O	O	O	
elephantine	O	O	O	O	
lizard	O	O	O	O	
up	O	O	O	O	
Holborn	B-LOC	O	O	O	
Hill	I-LOC	O	O	O	
.	O	O	O	O	

Smoke	O	O	O	O	
lowering	O	O	O	O	
down	O	O	O	O	
from	O	O	O	O	
chimney-pots	O	O	O	O	
,	O	O	O	O	
making	O	O	O	O	
a	O	O	O	O	
soft	O	O	O	O	
black	O	O	O	O	
drizzle	O	O	O	O	
,	O	O	O	O	
with	O	O	O	O	
flakes	O	O	O	O	
of	O	O	O	O	
soot	O	O	O	O	
in	O	O	O	O	
it	O	O	O	O	
as	O	O	O	O	
big	O	O	O	O	
as	O	O	O	O	
full-grown	O	O	O	O	
snowflakes	O	O	O	O	
--	O	O	O	O	
gone	O	O	O	O	
into	O	O	O	O	
mourning	O	O	O	O	
,	O	O	O	O	
one	O	O	O	O	
might	O	O	O	O	
imagine	O	O	O	O	
,	O	O	O	O	
for	O	O	O	O	
the	O	O	O	O	
death	O	O	O	O	
of	O	O	O	O	
the	O	O	O	O	
sun	O	O	O	O	
.	O	O	O	O	

Dogs	O	O	O	O	
,	O	O	O	O	
undistinguishable	O	O	O	O	
in	O	O	O	O	
mire	O	O	O	O	
.	O	O	O	O	

Horses	O	O	O	O	
,	O	O	O	O	
scarcely	O	O	O	O	
better	O	O	O	O	
;	O	O	O	O	
splashed	O	O	O	O	
to	O	O	O	O	
their	O	O	O	O	
very	O	O	O	O	
blinkers	O	O	O	O	
.	O	O	O	O	

Foot	B-PER	O	O	O	
passengers	I-PER	O	O	O	
,	O	O	O	O	
jostling	O	O	O	O	
one	O	O	O	O	
another	O	O	O	O	
's	O	O	O	O	
umbrellas	O	O	O	O	
in	O	O	O	O	
a	O	O	O	O	
general	O	O	O	O	
infection	O	O	O	O	
of	O	O	O	O	
ill	O	O	O	O	
temper	O	O	O	O	
,	O	O	O	O	
and	O	O	O	O	
losing	O	O	O	O	
their	O	O	O	O	
foot-hold	O	O	O	O	
at	O	O	O	O	
street-corners	O	B-FAC	O	O	
,	O	I-FAC	O	O	
where	O	I-FAC	O	O	
tens	B-PER	I-FAC	O	O	
of	I-PER	I-FAC	O	O	
thousands	I-PER	I-FAC	O	O	
of	I-PER	I-FAC	O	O	
other	I-PER	I-FAC	O	O	
foot	I-PER	I-FAC	O	O	
passengers	I-PER	I-FAC	O	O	
have	O	I-FAC	O	O	
been	O	I-FAC	O	O	
slipping	O	I-FAC	O	O	
and	O	I-FAC	O	O	
sliding	O	I-FAC	O	O	
since	O	I-FAC	O	O	
the	O	I-FAC	O	O	
day	O	I-FAC	O	O	
broke	O	I-FAC	O	O	
(	O	I-FAC	O	O	
if	O	I-FAC	O	O	
this	O	I-FAC	O	O	
day	O	I-FAC	O	O	
ever	O	I-FAC	O	O	
broke	O	I-FAC	O	O	
)	O	I-FAC	O	O	
,	O	I-FAC	O	O	
adding	O	I-FAC	O	O	
new	O	I-FAC	O	O	
deposits	O	I-FAC	O	O	
to	O	I-FAC	O	O	
the	O	I-FAC	O	O	
crust	O	I-FAC	O	O	
upon	O	I-FAC	O	O	
crust	O	I-FAC	O	O	
of	O	I-FAC	O	O	
mud	O	I-FAC	O	O	
,	O	I-FAC	O	O	
sticking	O	I-FAC	O	O	
at	O	I-FAC	O	O	
those	O	I-FAC	O	O	
points	O	I-FAC	O	O	
tenaciously	O	I-FAC	O	O	
to	O	I-FAC	O	O	
the	O	I-FAC	O	O	
pavement	O	I-FAC	O	O	
,	O	I-FAC	O	O	
and	O	I-FAC	O	O	
accumulating	O	I-FAC	O	O	
at	O	I-FAC	O	O	
compound	O	I-FAC	O	O	
interest	O	I-FAC	O	O	
.	O	O	O	O	

Fog	O	O	O	O	
everywhere	B-LOC	O	O	O	
.	O	O	O	O	

Fog	O	O	O	O	
up	O	B-LOC	O	O	
the	B-LOC	I-LOC	O	O	
river	I-LOC	I-LOC	O	O	
,	O	I-LOC	O	O	
where	O	I-LOC	O	O	
it	O	I-LOC	O	O	
flows	O	I-LOC	O	O	
among	O	I-LOC	O	O	
green	B-LOC	I-LOC	O	O	
aits	I-LOC	I-LOC	O	O	
and	O	I-LOC	O	O	
meadows	B-LOC	I-LOC	O	O	
;	O	O	O	O	
fog	O	O	O	O	
down	O	B-LOC	O	O	
the	B-LOC	I-LOC	O	O	
river	I-LOC	I-LOC	O	O	
,	O	I-LOC	O	O	
where	O	I-LOC	O	O	
it	O	I-LOC	O	O	
rolls	O	I-LOC	O	O	
defiled	O	I-LOC	O	O	
among	O	I-LOC	O	O	
the	B-FAC	I-LOC	O	O	
tiers	I-FAC	I-LOC	O	O	
of	I-FAC	I-LOC	O	O	
shipping	I-FAC	I-LOC	O	O	
and	O	I-LOC	O	O	
the	O	I-LOC	O	O	
waterside	O	I-LOC	O	O	
pollutions	O	I-LOC	O	O	
of	O	I-LOC	O	O	
a	B-GPE	I-LOC	O	O	
great	I-GPE	I-LOC	O	O	
(	I-GPE	I-LOC	O	O	
and	I-GPE	I-LOC	O	O	
dirty	I-GPE	I-LOC	O	O	
)	I-GPE	I-LOC	O	O	
city	I-GPE	I-LOC	O	O	
.	O	O	O	O	

Fog	O	O	O	O	
on	O	O	O	O	
the	O	O	O	O	
Essex	B-GPE	B-LOC	O	O	
marshes	O	I-LOC	O	O	
,	O	O	O	O	
fog	O	O	O	O	
on	O	O	O	O	
the	B-LOC	O	O	O	
Kentish	I-LOC	O	O	O	
heights	I-LOC	O	O	O	
.	O	O	O	O	

Fog	O	O	O	O	
creeping	O	O	O	O	
into	O	O	O	O	
the	O	O	O	O	
cabooses	O	O	O	O	
of	O	O	O	O	
collier-brigs	B-VEH	O	O	O	
;	O	O	O	O	
fog	O	O	O	O	
lying	O	O	O	O	
out	O	O	O	O	
on	O	O	O	O	
the	B-FAC	O	O	O	
yards	I-FAC	O	O	O	
and	O	O	O	O	
hovering	O	O	O	O	
in	O	O	O	O	
the	O	O	O	O	
rigging	O	O	O	O	
of	O	O	O	O	
great	B-VEH	O	O	O	
ships	I-VEH	O	O	O	
;	O	O	O	O	
fog	O	O	O	O	
drooping	O	O	O	O	
on	O	O	O	O	
the	O	O	O	O	
gunwales	O	O	O	O	
of	O	O	O	O	
barges	B-VEH	O	O	O	
and	O	O	O	O	
small	B-VEH	O	O	O	
boats	I-VEH	O	O	O	
.	O	O	O	O	

Fog	O	O	O	O	
in	O	O	O	O	
the	O	O	O	O	
eyes	O	O	O	O	
and	O	O	O	O	
throats	O	O	O	O	
of	O	O	O	O	
ancient	B-PER	O	O	O	
Greenwich	I-PER	O	O	O	
pensioners	I-PER	O	O	O	
,	O	O	O	O	
wheezing	O	O	O	O	
by	O	O	O	O	
the	O	O	O	O	
firesides	O	O	O	O	
of	O	O	O	O	
their	B-FAC	O	O	O	
wards	I-FAC	O	O	O	
;	O	O	O	O	
fog	O	O	O	O	
in	O	O	O	O	
the	O	O	O	O	
stem	O	O	O	O	
and	O	O	O	O	
bowl	O	O	O	O	
of	O	O	O	O	
the	O	O	O	O	
afternoon	O	O	O	O	
pipe	O	O	O	O	
of	O	O	O	O	
the	B-PER	O	O	O	
wrathful	I-PER	O	O	O	
skipper	I-PER	O	O	O	
,	O	O	O	O	
down	O	O	O	O	
in	O	O	O	O	
his	B-FAC	O	O	O	
close	I-FAC	O	O	O	
cabin	I-FAC	O	O	O	
;	O	O	O	O	
fog	O	O	O	O	
cruelly	O	O	O	O	
pinching	O	O	O	O	
the	O	O	O	O	
toes	O	O	O	O	
and	O	O	O	O	
fingers	O	O	O	O	
of	O	O	O	O	
his	B-PER	O	O	O	
shivering	I-PER	O	O	O	
little	I-PER	O	O	O	
'	I-PER	O	O	O	
prentice	I-PER	O	O	O	
boy	I-PER	O	O	O	
on	O	O	O	O	
deck	O	O	O	O	
.	O	O	O	O	

Chance	O	O	O	O	
people	O	B-PER	O	O	
on	O	I-PER	O	O	
the	B-FAC	I-PER	O	O	
bridges	I-FAC	I-PER	O	O	
peeping	O	O	O	O	
over	O	O	O	O	
the	B-FAC	O	O	O	
parapets	I-FAC	O	O	O	
into	O	O	O	O	
a	O	O	O	O	
nether	O	O	O	O	
sky	O	O	O	O	
of	O	O	O	O	
fog	O	O	O	O	
,	O	O	O	O	
with	O	O	O	O	
fog	O	O	O	O	
all	O	O	O	O	
round	O	O	O	O	
them	O	O	O	O	
,	O	O	O	O	
as	O	O	O	O	
if	O	O	O	O	
they	O	O	O	O	
were	O	O	O	O	
up	O	O	O	O	
in	O	O	O	O	
a	O	O	O	O	
balloon	O	O	O	O	
and	O	O	O	O	
hanging	O	O	O	O	
in	O	O	O	O	
the	O	O	O	O	
misty	O	O	O	O	
clouds	O	O	O	O	
.	O	O	O	O	

Gas	O	O	O	O	
looming	O	O	O	O	
through	O	O	O	O	
the	O	O	O	O	
fog	O	O	O	O	
in	O	O	O	O	
divers	O	O	O	O	
places	O	O	O	O	
in	O	O	O	O	
the	B-FAC	O	O	O	
streets	I-FAC	O	O	O	
,	O	O	O	O	
much	O	O	O	O	
as	O	O	O	O	
the	O	O	O	O	
sun	O	O	O	O	
may	O	O	O	O	
,	O	O	O	O	
from	O	O	O	O	
the	B-LOC	O	O	O	
spongey	I-LOC	O	O	O	
fields	I-LOC	O	O	O	
,	O	O	O	O	
be	O	O	O	O	
seen	O	O	O	O	
to	O	O	O	O	
loom	O	O	O	O	
by	O	O	O	O	
husbandman	B-PER	O	O	O	
and	O	O	O	O	
ploughboy	B-PER	O	O	O	
.	O	O	O	O	

Most	O	O	O	O	
of	O	O	O	O	
the	B-FAC	O	O	O	
shops	I-FAC	O	O	O	
lighted	O	O	O	O	
two	O	O	O	O	
hours	O	O	O	O	
before	O	O	O	O	
their	O	O	O	O	
time	O	O	O	O	
--	O	O	O	O	
as	O	O	O	O	
the	O	O	O	O	
gas	O	O	O	O	
seems	O	O	O	O	
to	O	O	O	O	
know	O	O	O	O	
,	O	O	O	O	
for	O	O	O	O	
it	O	O	O	O	
has	O	O	O	O	
a	O	O	O	O	
haggard	O	O	O	O	
and	O	O	O	O	
unwilling	O	O	O	O	
look	O	O	O	O	
.	O	O	O	O	

The	O	O	O	O	
raw	O	O	O	O	
afternoon	O	O	O	O	
is	O	O	O	O	
rawest	O	O	O	O	
,	O	O	O	O	
and	O	O	O	O	
the	O	O	O	O	
dense	O	O	O	O	
fog	O	O	O	O	
is	O	O	O	O	
densest	O	O	O	O	
,	O	O	O	O	
and	O	O	O	O	
the	B-FAC	O	O	O	
muddy	I-FAC	O	O	O	
streets	I-FAC	O	O	O	
are	O	O	O	O	
muddiest	O	O	O	O	
near	O	O	O	O	
that	B-FAC	O	O	O	
leaden-headed	I-FAC	O	O	O	
old	I-FAC	O	O	O	
obstruction	I-FAC	O	O	O	
,	O	O	O	O	
appropriate	O	O	O	O	
ornament	O	O	O	O	
for	O	O	O	O	
the	O	B-FAC	O	O	
threshold	O	I-FAC	O	O	
of	O	I-FAC	O	O	
a	B-ORG	I-FAC	O	O	
leaden-headed	I-ORG	I-FAC	O	O	
old	I-ORG	I-FAC	O	O	
corporation	I-ORG	I-FAC	O	O	
,	O	O	O	O	
Temple	B-FAC	O	O	O	
Bar	I-FAC	O	O	O	
.	O	O	O	O	

And	O	O	O	O	
hard	O	O	O	O	
by	O	O	O	O	
Temple	B-FAC	O	O	O	
Bar	I-FAC	O	O	O	
,	O	O	O	O	
in	O	O	O	O	
Lincoln	B-FAC	O	O	O	
's	I-FAC	O	O	O	
Inn	I-FAC	O	O	O	
Hall	I-FAC	O	O	O	
,	O	O	O	O	
at	O	O	O	O	
the	O	O	O	O	
very	O	O	O	O	
heart	O	O	O	O	
of	O	O	O	O	
the	O	O	O	O	
fog	O	O	O	O	
,	O	O	O	O	
sits	O	O	O	O	
the	O	O	O	O	
Lord	B-PER	B-PER	O	O	
High	O	I-PER	O	O	
Chancellor	O	I-PER	O	O	
in	O	O	O	O	
his	O	O	O	O	
High	B-FAC	O	O	O	
Court	I-FAC	O	O	O	
of	I-FAC	O	O	O	
Chancery	I-FAC	O	O	O	
.	O	O	O	O	

Never	O	O	O	O	
can	O	O	O	O	
there	O	O	O	O	
come	O	O	O	O	
fog	O	O	O	O	
too	O	O	O	O	
thick	O	O	O	O	
,	O	O	O	O	
never	O	O	O	O	
can	O	O	O	O	
there	O	O	O	O	
come	O	O	O	O	
mud	O	O	O	O	
and	O	O	O	O	
mire	O	O	O	O	
too	O	O	O	O	
deep	O	O	O	O	
,	O	O	O	O	
to	O	O	O	O	
assort	O	O	O	O	
with	O	O	O	O	
the	O	O	O	O	
groping	O	O	O	O	
and	O	O	O	O	
floundering	O	O	O	O	
condition	O	O	O	O	
which	O	O	O	O	
this	O	O	O	O	
High	B-FAC	O	O	O	
Court	I-FAC	O	O	O	
of	I-FAC	O	O	O	
Chancery	I-FAC	O	O	O	
,	O	O	O	O	
most	O	O	O	O	
pestilent	O	O	O	O	
of	O	O	O	O	
hoary	B-PER	O	O	O	
sinners	I-PER	O	O	O	
,	O	O	O	O	
holds	O	O	O	O	
this	O	O	O	O	
day	O	O	O	O	
in	O	O	O	O	
the	O	O	O	O	
sight	O	O	O	O	
of	O	O	O	O	
heaven	B-FAC	O	O	O	
and	O	O	O	O	
earth	B-LOC	O	O	O	
.	O	O	O	O	

On	O	O	O	O	
such	O	O	O	O	
an	O	O	O	O	
afternoon	O	O	O	O	
,	O	O	O	O	
if	O	O	O	O	
ever	O	O	O	O	
,	O	O	O	O	
the	B-PER	O	O	O	
Lord	I-PER	O	O	O	
High	I-PER	O	O	O	
Chancellor	I-PER	O	O	O	
ought	O	O	O	O	
to	O	O	O	O	
be	O	O	O	O	
sitting	O	O	O	O	
here	O	O	O	O	
--	O	O	O	O	
as	O	O	O	O	
here	O	O	O	O	
he	O	O	O	O	
is	O	O	O	O	
--	O	O	O	O	
with	O	O	O	O	
a	O	O	O	O	
foggy	O	O	O	O	
glory	O	O	O	O	
round	O	O	O	O	
his	O	O	O	O	
head	O	O	O	O	
,	O	O	O	O	
softly	O	O	O	O	
fenced	O	O	O	O	
in	O	O	O	O	
with	O	O	O	O	
crimson	O	O	O	O	
cloth	O	O	O	O	
and	O	O	O	O	
curtains	O	O	O	O	
,	O	O	O	O	
addressed	O	O	O	O	
by	O	O	O	O	
a	B-PER	O	O	O	
large	I-PER	O	O	O	
advocate	I-PER	O	O	O	
with	I-PER	O	O	O	
great	I-PER	O	O	O	
whiskers	I-PER	O	O	O	
,	I-PER	O	O	O	
a	I-PER	O	O	O	
little	I-PER	O	O	O	
voice	I-PER	O	O	O	
,	I-PER	O	O	O	
and	I-PER	O	O	O	
an	I-PER	O	O	O	
interminable	I-PER	O	O	O	
brief	I-PER	O	O	O	
,	O	O	O	O	
and	O	O	O	O	
outwardly	O	O	O	O	
directing	O	O	O	O	
his	O	O	O	O	
contemplation	O	O	O	O	
to	O	O	O	O	
the	O	O	O	O	
lantern	O	O	O	O	
in	O	O	O	O	
the	O	O	O	O	
roof	O	O	O	O	
,	O	O	O	O	
where	O	O	O	O	
he	O	O	O	O	
can	O	O	O	O	
see	O	O	O	O	
nothing	O	O	O	O	
but	O	O	O	O	
fog	O	O	O	O	
.	O	O	O	O	

On	O	O	O	O	
such	O	O	O	O	
an	O	O	O	O	
afternoon	O	O	O	O	
some	B-PER	O	O	O	
score	I-PER	O	O	O	
of	I-PER	O	O	O	
members	I-PER	O	O	O	
of	I-PER	O	O	O	
the	I-PER	O	O	O	
High	I-PER	O	O	O	
Court	I-PER	O	O	O	
of	I-PER	O	O	O	
Chancery	I-PER	O	O	O	
bar	I-PER	O	O	O	
ought	O	O	O	O	
to	O	O	O	O	
be	O	O	O	O	
--	O	O	O	O	
as	O	O	O	O	
here	O	O	O	O	
they	O	O	O	O	
are	O	O	O	O	
--	O	O	O	O	
mistily	O	O	O	O	
engaged	O	O	O	O	
in	O	O	O	O	
one	O	O	O	O	
of	O	O	O	O	
the	O	O	O	O	
ten	O	O	O	O	
thousand	O	O	O	O	
stages	O	O	O	O	
of	O	O	O	O	
an	O	O	O	O	
endless	O	O	O	O	
cause	O	O	O	O	
,	O	O	O	O	
tripping	O	O	O	O	
one	O	O	O	O	
another	O	O	O	O	
up	O	O	O	O	
on	O	O	O	O	
slippery	O	O	O	O	
precedents	O	O	O	O	
,	O	O	O	O	
groping	O	O	O	O	
knee-deep	O	O	O	O	
in	O	O	O	O	
technicalities	O	O	O	O	
,	O	O	O	O	
running	O	O	O	O	
their	O	O	O	O	
goat-hair	O	O	O	O	
and	O	O	O	O	
horsehair	O	O	O	O	
warded	O	O	O	O	
heads	O	O	O	O	
against	O	O	O	O	
walls	O	O	O	O	
of	O	O	O	O	
words	O	O	O	O	
and	O	O	O	O	
making	O	O	O	O	
a	O	O	O	O	
pretence	O	O	O	O	
of	O	O	O	O	
equity	O	O	O	O	
with	O	O	O	O	
serious	O	O	O	O	
faces	O	O	O	O	
,	O	O	O	O	
as	O	O	O	O	
players	B-PER	O	O	O	
might	O	O	O	O	
.	O	O	O	O	

On	O	O	O	O	
such	O	O	O	O	
an	O	O	O	O	
afternoon	O	O	O	O	
the	B-PER	O	O	O	
various	I-PER	O	O	O	
solicitors	I-PER	O	O	O	
in	I-PER	O	O	O	
the	I-PER	O	O	O	
cause	I-PER	O	O	O	
,	O	O	O	O	
some	B-PER	O	O	O	
two	I-PER	O	O	O	
or	I-PER	O	O	O	
three	I-PER	O	O	O	
of	I-PER	O	O	O	
whom	I-PER	O	O	O	
have	O	O	O	O	
inherited	O	O	O	O	
it	O	O	O	O	
from	O	O	O	O	
their	B-PER	O	O	O	
fathers	I-PER	O	O	O	
,	O	O	O	O	
who	O	O	O	O	
made	O	O	O	O	
a	O	O	O	O	
fortune	O	O	O	O	
by	O	O	O	O	
it	O	O	O	O	
,	O	O	O	O	
ought	O	O	O	O	
to	O	O	O	O	
be	O	O	O	O	
--	O	O	O	O	
as	O	O	O	O	
are	O	O	O	O	
they	O	O	O	O	
not	O	O	O	O	
?	O	O	O	O	

--	O	O	O	O	
ranged	O	O	O	O	
in	O	O	O	O	
a	O	O	O	O	
line	O	O	O	O	
,	O	O	O	O	
in	O	O	O	O	
a	O	O	O	O	
long	O	O	O	O	
matted	O	O	O	O	
well	O	O	O	O	
(	O	O	O	O	
but	O	O	O	O	
you	O	O	O	O	
might	O	O	O	O	
look	O	O	O	O	
in	O	O	O	O	
vain	O	O	O	O	
for	O	O	O	O	
truth	O	O	O	O	
at	O	O	O	O	
the	O	O	O	O	
bottom	O	O	O	O	
of	O	O	O	O	
it	O	O	O	O	
)	O	O	O	O	
between	O	O	O	O	
the	B-PER	O	O	O	
registrar	I-PER	O	O	O	
's	O	O	O	O	
red	O	O	O	O	
table	O	O	O	O	
and	O	O	O	O	
the	O	O	O	O	
silk	O	O	O	O	
gowns	O	O	O	O	
,	O	O	O	O	
with	O	O	O	O	
bills	O	O	O	O	
,	O	O	O	O	
cross-bills	O	O	O	O	
,	O	O	O	O	
answers	O	O	O	O	
,	O	O	O	O	
rejoinders	O	O	O	O	
,	O	O	O	O	
injunctions	O	O	O	O	
,	O	O	O	O	
affidavits	O	O	O	O	
,	O	O	O	O	
issues	O	O	O	O	
,	O	O	O	O	
references	O	O	O	O	
to	O	O	O	O	
masters	B-PER	O	O	O	
,	O	O	O	O	
masters	B-PER	O	O	O	
'	O	O	O	O	
reports	O	O	O	O	
,	O	O	O	O	
mountains	O	O	O	O	
of	O	O	O	O	
costly	O	O	O	O	
nonsense	O	O	O	O	
,	O	O	O	O	
piled	O	O	O	O	
before	O	O	O	O	
them	O	O	O	O	
.	O	O	O	O	

Well	O	O	O	O	
may	O	O	O	O	
the	B-FAC	O	O	O	
court	I-FAC	O	O	O	
be	O	O	O	O	
dim	O	O	O	O	
,	O	O	O	O	
with	O	O	O	O	
wasting	O	O	O	O	
candles	O	O	O	O	
here	O	O	O	O	
and	O	O	O	O	
there	O	O	O	O	
;	O	O	O	O	
well	O	O	O	O	
may	O	O	O	O	
the	O	O	O	O	
fog	O	O	O	O	
hang	O	O	O	O	
heavy	O	O	O	O	
in	O	O	O	O	
it	O	O	O	O	
,	O	O	O	O	
as	O	O	O	O	
if	O	O	O	O	
it	O	O	O	O	
would	O	O	O	O	
never	O	O	O	O	
get	O	O	O	O	
out	O	O	O	O	
;	O	O	O	O	
well	O	O	O	O	
may	O	O	O	O	
the	O	O	O	O	
stained-glass	O	O	O	O	
windows	O	O	O	O	
lose	O	O	O	O	
their	O	O	O	O	
colour	O	O	O	O	
and	O	O	O	O	
admit	O	O	O	O	
no	O	O	O	O	
light	O	O	O	O	
of	O	O	O	O	
day	O	O	O	O	
into	O	O	O	O	
the	B-FAC	O	O	O	
place	I-FAC	O	O	O	
;	O	O	O	O	
well	O	O	O	O	
may	O	O	O	O	
the	O	B-PER	O	O	
uninitiated	O	I-PER	O	O	
from	O	I-PER	O	O	
the	B-FAC	I-PER	O	O	
streets	I-FAC	I-PER	O	O	
,	O	O	O	O	
who	O	O	O	O	
peep	O	O	O	O	
in	O	O	O	O	
through	O	O	O	O	
the	O	O	O	O	
glass	O	O	O	O	
panes	O	O	O	O	
in	O	O	O	O	
the	O	O	O	O	
door	O	O	O	O	
,	O	O	O	O	
be	O	O	O	O	
deterred	O	O	O	O	
from	O	O	O	O	
entrance	O	O	O	O	
by	O	O	O	O	
its	O	O	O	O	
owlish	O	O	O	O	
aspect	O	O	O	O	
and	O	O	O	O	
by	O	O	O	O	
the	O	O	O	O	
drawl	O	O	O	O	
,	O	O	O	O	
languidly	O	O	O	O	
echoing	O	O	O	O	
to	O	O	O	O	
the	O	O	O	O	
roof	O	O	O	O	
from	O	O	O	O	
the	O	O	O	O	
padded	O	O	O	O	
dais	O	O	O	O	
where	O	O	O	O	
the	B-PER	O	O	O	
Lord	I-PER	O	O	O	
High	I-PER	O	O	O	
Chancellor	I-PER	O	O	O	
looks	O	O	O	O	
into	O	O	O	O	
the	O	O	O	O	
lantern	O	O	O	O	
that	O	O	O	O	
has	O	O	O	O	
no	O	O	O	O	
light	O	O	O	O	
in	O	O	O	O	
it	O	O	O	O	
and	O	O	O	O	
where	O	O	O	O	
the	O	O	O	O	
attendant	O	O	O	O	
wigs	O	O	O	O	
are	O	O	O	O	
all	O	O	O	O	
stuck	O	O	O	O	
in	O	O	O	O	
a	O	O	O	O	
fog-bank	O	O	O	O	
!	O	O	O	O	

This	O	O	O	O	
is	O	O	O	O	
the	O	B-FAC	O	O	
Court	O	I-FAC	O	O	
of	O	I-FAC	O	O	
Chancery	O	I-FAC	O	O	
,	O	I-FAC	O	O	
which	O	I-FAC	O	O	
has	O	I-FAC	O	O	
its	B-FAC	I-FAC	O	O	
decaying	I-FAC	I-FAC	O	O	
houses	I-FAC	I-FAC	O	O	
and	O	I-FAC	O	O	
its	B-LOC	I-FAC	O	O	
blighted	I-LOC	I-FAC	O	O	
lands	I-LOC	I-FAC	O	O	
in	O	I-FAC	O	O	
every	B-LOC	I-FAC	O	O	
shire	I-LOC	I-FAC	O	O	
,	O	I-FAC	O	O	
which	O	I-FAC	O	O	
has	O	I-FAC	O	O	
its	B-PER	I-FAC	O	O	
worn-out	I-PER	I-FAC	O	O	
lunatic	I-PER	I-FAC	O	O	
in	O	I-FAC	O	O	
every	B-LOC	I-FAC	O	O	
madhouse	I-LOC	I-FAC	O	O	
and	O	I-FAC	O	O	
its	B-PER	I-FAC	O	O	
dead	I-PER	I-FAC	O	O	
in	O	I-FAC	O	O	
every	B-FAC	I-FAC	O	O	
churchyard	I-FAC	I-FAC	O	O	
,	O	I-FAC	O	O	
which	O	I-FAC	O	O	
has	O	I-FAC	O	O	
its	B-PER	I-FAC	O	O	
ruined	I-PER	I-FAC	O	O	
suitor	I-PER	I-FAC	O	O	
with	I-PER	I-FAC	O	O	
his	I-PER	I-FAC	O	O	
slipshod	I-PER	I-FAC	O	O	
heels	I-PER	I-FAC	O	O	
and	I-PER	I-FAC	O	O	
threadbare	I-PER	I-FAC	O	O	
dress	I-PER	I-FAC	O	O	
borrowing	O	I-FAC	O	O	
and	O	I-FAC	O	O	
begging	O	I-FAC	O	O	
through	O	I-FAC	O	O	
the	O	I-FAC	O	O	
round	O	I-FAC	O	O	
of	O	I-FAC	O	O	
every	B-PER	I-FAC	O	O	
man	I-PER	I-FAC	O	O	
's	O	I-FAC	O	O	
acquaintance	O	I-FAC	O	O	
,	O	I-FAC	O	O	
which	O	I-FAC	O	O	
gives	O	I-FAC	O	O	
to	O	I-FAC	O	O	
monied	O	I-FAC	O	O	
might	O	I-FAC	O	O	
the	O	I-FAC	O	O	
means	O	I-FAC	O	O	
abundantly	O	I-FAC	O	O	
of	O	I-FAC	O	O	
wearying	O	I-FAC	O	O	
out	O	I-FAC	O	O	
the	O	I-FAC	O	O	
right	O	I-FAC	O	O	
,	O	I-FAC	O	O	
which	O	I-FAC	O	O	
so	O	I-FAC	O	O	
exhausts	O	I-FAC	O	O	
finances	O	I-FAC	O	O	
,	O	I-FAC	O	O	
patience	O	I-FAC	O	O	
,	O	I-FAC	O	O	
courage	O	I-FAC	O	O	
,	O	I-FAC	O	O	
hope	O	I-FAC	O	O	
,	O	I-FAC	O	O	
so	O	I-FAC	O	O	
overthrows	O	I-FAC	O	O	
the	O	I-FAC	O	O	
brain	O	I-FAC	O	O	
and	O	I-FAC	O	O	
breaks	O	I-FAC	O	O	
the	O	I-FAC	O	O	
heart	O	I-FAC	O	O	
,	O	I-FAC	O	O	
that	O	I-FAC	O	O	
there	O	I-FAC	O	O	
is	O	I-FAC	O	O	
not	O	I-FAC	O	O	
an	B-PER	I-FAC	O	O	
honourable	I-PER	I-FAC	O	O	
man	I-PER	I-FAC	O	O	
among	O	I-FAC	O	O	
its	B-PER	I-FAC	O	O	
practitioners	I-PER	I-FAC	O	O	
who	O	I-FAC	O	O	
would	O	I-FAC	O	O	
not	O	I-FAC	O	O	
give	O	I-FAC	O	O	
--	O	I-FAC	O	O	
who	O	I-FAC	O	O	
does	O	I-FAC	O	O	
not	O	I-FAC	O	O	
often	O	I-FAC	O	O	
give	O	I-FAC	O	O	
--	O	I-FAC	O	O	
the	O	I-FAC	O	O	
warning	O	I-FAC	O	O	
,	O	I-FAC	O	O	
"	O	I-FAC	O	O	
Suffer	O	I-FAC	O	O	
any	O	I-FAC	O	O	
wrong	O	I-FAC	O	O	
that	O	I-FAC	O	O	
can	O	I-FAC	O	O	
be	O	I-FAC	O	O	
done	O	I-FAC	O	O	
you	O	I-FAC	O	O	
rather	O	I-FAC	O	O	
than	O	I-FAC	O	O	
come	O	I-FAC	O	O	
here	O	I-FAC	O	O	
!	O	I-FAC	O	O	
"	O	O	O	O	

Who	O	O	O	O	
happen	O	O	O	O	
to	O	O	O	O	
be	O	O	O	O	
in	O	O	O	O	
the	B-PER	B-FAC	O	O	
Lord	I-PER	I-FAC	O	O	
Chancellor	I-PER	I-FAC	O	O	
's	O	I-FAC	O	O	
court	O	I-FAC	O	O	
this	O	O	O	O	
murky	O	O	O	O	
afternoon	O	O	O	O	
besides	O	O	O	O	
the	B-PER	O	O	O	
Lord	I-PER	O	O	O	
Chancellor	I-PER	O	O	O	
,	O	O	O	O	
the	B-PER	O	O	O	
counsel	I-PER	O	O	O	
in	I-PER	O	O	O	
the	I-PER	O	O	O	
cause	I-PER	O	O	O	
,	O	O	O	O	
two	B-PER	O	O	O	
or	I-PER	O	O	O	
three	I-PER	O	O	O	
counsel	I-PER	O	O	O	
who	I-PER	O	O	O	
are	I-PER	O	O	O	
never	I-PER	O	O	O	
in	I-PER	O	O	O	
any	I-PER	O	O	O	
cause	I-PER	O	O	O	
,	O	O	O	O	
and	O	O	O	O	
the	B-PER	O	O	O	
well	I-PER	O	O	O	
of	I-PER	O	O	O	
solicitors	I-PER	O	O	O	
before	O	O	O	O	
mentioned	O	O	O	O	
?	O	O	O	O	

There	O	O	O	O	
is	O	O	O	O	
the	O	B-PER	O	O	
registrar	O	I-PER	O	O	
below	O	I-PER	O	O	
the	B-PER	I-PER	O	O	
judge	I-PER	I-PER	O	O	
,	O	O	O	O	
in	O	O	O	O	
wig	O	O	O	O	
and	O	O	O	O	
gown	O	O	O	O	
;	O	O	O	O	
and	O	O	O	O	
there	O	O	O	O	
are	O	O	O	O	
two	B-PER	O	O	O	
or	I-PER	O	O	O	
three	I-PER	O	O	O	
maces	I-PER	O	O	O	
,	O	O	O	O	
or	O	O	O	O	
petty-bags	B-PER	O	O	O	
,	O	O	O	O	
or	O	O	O	O	
privy	B-PER	O	O	O	
purses	I-PER	O	O	O	
,	O	O	O	O	
or	O	O	O	O	
whatever	O	O	O	O	
they	O	O	O	O	
may	O	O	O	O	
be	O	O	O	O	
,	O	O	O	O	
in	O	O	O	O	
legal	O	O	O	O	
court	O	O	O	O	
suits	O	O	O	O	
.	O	O	O	O	

These	O	O	O	O	
are	O	O	O	O	
all	O	O	O	O	
yawning	O	O	O	O	
,	O	O	O	O	
for	O	O	O	O	
no	O	O	O	O	
crumb	O	O	O	O	
of	O	O	O	O	
amusement	O	O	O	O	
ever	O	O	O	O	
falls	O	O	O	O	
from	O	O	O	O	
Jarndyce	B-PER	O	O	O	
and	O	O	O	O	
Jarndyce	B-PER	O	O	O	
(	O	O	O	O	
the	O	O	O	O	
cause	O	O	O	O	
in	O	O	O	O	
hand	O	O	O	O	
)	O	O	O	O	
,	O	O	O	O	
which	O	O	O	O	
was	O	O	O	O	
squeezed	O	O	O	O	
dry	O	O	O	O	
years	O	O	O	O	
upon	O	O	O	O	
years	O	O	O	O	
ago	O	O	O	O	
.	O	O	O	O	

The	B-PER	O	O	O	
short-hand	I-PER	O	O	O	
writers	I-PER	O	O	O	
,	O	O	O	O	
the	O	B-PER	O	O	
reporters	O	I-PER	O	O	
of	O	I-PER	O	O	
the	B-ORG	I-PER	O	O	
court	I-ORG	I-PER	O	O	
,	O	O	O	O	
and	O	O	O	O	
the	O	B-PER	O	O	
reporters	O	I-PER	O	O	
of	O	I-PER	O	O	
the	B-ORG	I-PER	O	O	
newspapers	I-ORG	I-PER	O	O	
invariably	O	O	O	O	
decamp	O	O	O	O	
with	O	O	O	O	
the	B-PER	O	O	O	
rest	I-PER	O	O	O	
of	I-PER	O	O	O	
the	I-PER	O	O	O	
regulars	I-PER	O	O	O	
when	O	O	O	O	
Jarndyce	B-PER	O	O	O	
and	O	O	O	O	
Jarndyce	B-PER	O	O	O	
comes	O	O	O	O	
on	O	O	O	O	
.	O	O	O	O	

Their	O	O	O	O	
places	O	O	O	O	
are	O	O	O	O	
a	O	O	O	O	
blank	O	O	O	O	
.	O	O	O	O	

Standing	O	O	O	O	
on	O	O	O	O	
a	O	O	O	O	
seat	O	O	O	O	
at	O	O	O	O	
the	O	B-LOC	O	O	
side	O	I-LOC	O	O	
of	O	I-LOC	O	O	
the	B-FAC	I-LOC	O	O	
hall	I-FAC	I-LOC	O	O	
,	O	O	O	O	
the	O	O	O	O	
better	O	O	O	O	
to	O	O	O	O	
peer	O	O	O	O	
into	O	O	O	O	
the	B-LOC	O	O	O	
curtained	I-LOC	O	O	O	
sanctuary	I-LOC	O	O	O	
,	O	O	O	O	
is	O	O	O	O	
a	B-PER	O	O	O	
little	I-PER	O	O	O	
mad	I-PER	O	O	O	
old	I-PER	O	O	O	
woman	I-PER	O	O	O	
in	I-PER	O	O	O	
a	I-PER	O	O	O	
squeezed	I-PER	O	O	O	
bonnet	I-PER	O	O	O	
who	O	O	O	O	
is	O	O	O	O	
always	O	O	O	O	
in	O	O	O	O	
court	B-FAC	O	O	O	
,	O	O	O	O	
from	O	O	O	O	
its	O	O	O	O	
sitting	O	O	O	O	
to	O	O	O	O	
its	O	O	O	O	
rising	O	O	O	O	
,	O	O	O	O	
and	O	O	O	O	
always	O	O	O	O	
expecting	O	O	O	O	
some	O	O	O	O	
incomprehensible	O	O	O	O	
judgment	O	O	O	O	
to	O	O	O	O	
be	O	O	O	O	
given	O	O	O	O	
in	O	O	O	O	
her	O	O	O	O	
favour	O	O	O	O	
.	O	O	O	O	

Some	O	O	O	O	
say	O	O	O	O	
she	O	O	O	O	
really	O	O	O	O	
is	O	O	O	O	
,	O	O	O	O	
or	O	O	O	O	
was	O	O	O	O	
,	O	O	O	O	
a	B-PER	O	O	O	
party	I-PER	O	O	O	
to	I-PER	O	O	O	
a	I-PER	O	O	O	
suit	I-PER	O	O	O	
,	O	O	O	O	
but	O	O	O	O	
no	B-PER	O	O	O	
one	I-PER	O	O	O	
knows	O	O	O	O	
for	O	O	O	O	
certain	O	O	O	O	
because	O	O	O	O	
no	B-PER	O	O	O	
one	I-PER	O	O	O	
cares	O	O	O	O	
.	O	O	O	O	

She	O	O	O	O	
carries	O	O	O	O	
some	O	O	O	O	
small	O	O	O	O	
litter	O	O	O	O	
in	O	O	O	O	
a	O	O	O	O	
reticule	O	O	O	O	
which	O	O	O	O	
she	O	O	O	O	
calls	O	O	O	O	
her	O	O	O	O	
documents	O	O	O	O	
,	O	O	O	O	
principally	O	O	O	O	
consisting	O	O	O	O	
of	O	O	O	O	
paper	O	O	O	O	
matches	O	O	O	O	
and	O	O	O	O	
dry	O	O	O	O	
lavender	O	O	O	O	
.	O	O	O	O	

A	B-PER	O	O	O	
sallow	I-PER	O	O	O	
prisoner	I-PER	O	O	O	
has	O	O	O	O	
come	O	O	O	O	
up	O	O	O	O	
,	O	O	O	O	
in	O	O	O	O	
custody	O	O	O	O	
,	O	O	O	O	
for	O	O	O	O	
the	O	O	O	O	
half-dozenth	O	O	O	O	
time	O	O	O	O	
to	O	O	O	O	
make	O	O	O	O	
a	O	O	O	O	
personal	O	O	O	O	
application	O	O	O	O	
"	O	O	O	O	
to	O	O	O	O	
purge	O	O	O	O	
himself	O	O	O	O	
of	O	O	O	O	
his	O	O	O	O	
contempt	O	O	O	O	
,	O	O	O	O	
"	O	O	O	O	
which	O	O	O	O	
,	O	O	O	O	
being	O	O	O	O	
a	B-PER	O	O	O	
solitary	I-PER	O	O	O	
surviving	I-PER	O	O	O	
executor	I-PER	O	O	O	
who	O	O	O	O	
has	O	O	O	O	
fallen	O	O	O	O	
into	O	O	O	O	
a	O	O	O	O	
state	O	O	O	O	
of	O	O	O	O	
conglomeration	O	O	O	O	
about	O	O	O	O	
accounts	O	O	O	O	
of	O	O	O	O	
which	O	O	O	O	
it	O	O	O	O	
is	O	O	O	O	
not	O	O	O	O	
pretended	O	O	O	O	
that	O	O	O	O	
he	O	O	O	O	
had	O	O	O	O	
ever	O	O	O	O	
any	O	O	O	O	
knowledge	O	O	O	O	
,	O	O	O	O	
he	O	O	O	O	
is	O	O	O	O	
not	O	O	O	O	
at	O	O	O	O	
all	O	O	O	O	
likely	O	O	O	O	
ever	O	O	O	O	
to	O	O	O	O	
do	O	O	O	O	
.	O	O	O	O	

In	O	O	O	O	
the	O	O	O	O	
meantime	O	O	O	O	
his	O	O	O	O	
prospects	O	O	O	O	
in	O	O	O	O	
life	O	O	O	O	
are	O	O	O	O	
ended	O	O	O	O	
.	O	O	O	O	

Another	B-PER	O	O	O	
ruined	I-PER	O	O	O	
suitor	I-PER	O	O	O	
,	O	O	O	O	
who	O	O	O	O	
periodically	O	O	O	O	
appears	O	O	O	O	
from	O	O	O	O	
Shropshire	B-GPE	O	O	O	
and	O	O	O	O	
breaks	O	O	O	O	
out	O	O	O	O	
into	O	O	O	O	
efforts	O	O	O	O	
to	O	O	O	O	
address	O	O	O	O	
the	B-PER	O	O	O	
Chancellor	I-PER	O	O	O	
at	O	O	O	O	
the	O	O	O	O	
close	O	O	O	O	
of	O	O	O	O	
the	O	O	O	O	
day	O	O	O	O	
's	O	O	O	O	
business	O	O	O	O	
and	O	O	O	O	
who	O	O	O	O	
can	O	O	O	O	
by	O	O	O	O	
no	O	O	O	O	
means	O	O	O	O	
be	O	O	O	O	
made	O	O	O	O	
to	O	O	O	O	
understand	O	O	O	O	
that	O	O	O	O	
the	B-PER	O	O	O	
Chancellor	I-PER	O	O	O	
is	O	O	O	O	
legally	O	O	O	O	
ignorant	O	O	O	O	
of	O	O	O	O	
his	O	O	O	O	
existence	O	O	O	O	
after	O	O	O	O	
making	O	O	O	O	
it	O	O	O	O	
desolate	O	O	O	O	
for	O	O	O	O	
a	O	O	O	O	
quarter	O	O	O	O	
of	O	O	O	O	
a	O	O	O	O	
century	O	O	O	O	
,	O	O	O	O	
plants	O	O	O	O	
himself	O	O	O	O	
in	O	O	O	O	
a	O	O	O	O	
good	O	O	O	O	
place	O	O	O	O	
and	O	O	O	O	
keeps	O	O	O	O	
an	O	O	O	O	
eye	O	O	O	O	
on	O	O	O	O	
the	B-PER	O	O	O	
judge	I-PER	O	O	O	
,	O	O	O	O	
ready	O	O	O	O	
to	O	O	O	O	
call	O	O	O	O	
out	O	O	O	O	
"	O	O	O	O	
My	O	O	O	O	
Lord	O	O	O	O	
!	O	O	O	O	
"	O	O	O	O	

in	O	O	O	O	
a	O	O	O	O	
voice	O	O	O	O	
of	O	O	O	O	
sonorous	O	O	O	O	
complaint	O	O	O	O	
on	O	O	O	O	
the	O	O	O	O	
instant	O	O	O	O	
of	O	O	O	O	
his	O	O	O	O	
rising	O	O	O	O	
.	O	O	O	O	

A	B-PER	O	O	O	
few	I-PER	O	O	O	
lawyers	I-PER	O	O	O	
'	I-PER	O	O	O	
clerks	I-PER	O	O	O	
and	O	O	O	O	
others	O	B-PER	O	O	
who	O	I-PER	O	O	
know	O	I-PER	O	O	
this	B-PER	I-PER	O	O	
suitor	I-PER	I-PER	O	O	
by	O	I-PER	O	O	
sight	O	I-PER	O	O	
linger	O	O	O	O	
on	O	O	O	O	
the	O	O	O	O	
chance	O	O	O	O	
of	O	O	O	O	
his	O	O	O	O	
furnishing	O	O	O	O	
some	O	O	O	O	
fun	O	O	O	O	
and	O	O	O	O	
enlivening	O	O	O	O	
the	O	O	O	O	
dismal	O	O	O	O	
weather	O	O	O	O	
a	O	O	O	O	
little	O	O	O	O	
.	O	O	O	O	

Jarndyce	B-PER	O	O	O	
and	O	O	O	O	
Jarndyce	B-PER	O	O	O	
drones	O	O	O	O	
on	O	O	O	O	
.	O	O	O	O	

This	O	O	O	O	
scarecrow	O	O	O	O	
of	O	O	O	O	
a	O	O	O	O	
suit	O	O	O	O	
has	O	O	O	O	
,	O	O	O	O	
in	O	O	O	O	
course	O	O	O	O	
of	O	O	O	O	
time	O	O	O	O	
,	O	O	O	O	
become	O	O	O	O	
so	O	O	O	O	
complicated	O	O	O	O	
that	O	O	O	O	
no	B-PER	O	O	O	
man	I-PER	O	O	O	
alive	I-PER	O	O	O	
knows	O	O	O	O	
what	O	O	O	O	
it	O	O	O	O	
means	O	O	O	O	
.	O	O	O	O	

The	B-PER	O	O	O	
parties	I-PER	O	O	O	
to	I-PER	O	O	O	
it	I-PER	O	O	O	
understand	O	O	O	O	
it	O	O	O	O	
least	O	O	O	O	
,	O	O	O	O	
but	O	O	O	O	
it	O	O	O	O	
has	O	O	O	O	
been	O	O	O	O	
observed	O	O	O	O	
that	O	O	O	O	
no	B-PER	O	O	O	
two	I-PER	O	O	O	
Chancery	I-PER	O	O	O	
lawyers	I-PER	O	O	O	
can	O	O	O	O	
talk	O	O	O	O	
about	O	O	O	O	
it	O	O	O	O	
for	O	O	O	O	
five	O	O	O	O	
minutes	O	O	O	O	
without	O	O	O	O	
coming	O	O	O	O	
to	O	O	O	O	
a	O	O	O	O	
total	O	O	O	O	
disagreement	O	O	O	O	
as	O	O	O	O	
to	O	O	O	O	
all	O	O	O	O	
the	O	O	O	O	
premises	O	O	O	O	
.	O	O	O	O	

Innumerable	B-PER	O	O	O	
children	I-PER	O	O	O	
have	O	O	O	O	
been	O	O	O	O	
born	O	O	O	O	
into	O	O	O	O	
the	O	O	O	O	
cause	O	O	O	O	
;	O	O	O	O	
innumerable	B-PER	O	O	O	
young	I-PER	O	O	O	
people	I-PER	O	O	O	
have	O	O	O	O	
married	O	O	O	O	
into	O	O	O	O	
it	O	O	O	O	
;	O	O	O	O	
innumerable	B-PER	O	O	O	
old	I-PER	O	O	O	
people	I-PER	O	O	O	
have	O	O	O	O	
died	O	O	O	O	
out	O	O	O	O	
of	O	O	O	O	
it	O	O	O	O	
.	O	O	O	O	

Scores	B-PER	O	O	O	
of	I-PER	O	O	O	
persons	I-PER	O	O	O	
have	O	O	O	O	
deliriously	O	O	O	O	
found	O	O	O	O	
themselves	O	O	O	O	
made	O	O	O	O	
parties	O	O	O	O	
in	O	O	O	O	
Jarndyce	B-PER	O	O	O	
and	O	O	O	O	
Jarndyce	B-PER	O	O	O	
without	O	O	O	O	
knowing	O	O	O	O	
how	O	O	O	O	
or	O	O	O	O	
why	O	O	O	O	
;	O	O	O	O	
whole	B-PER	O	O	O	
families	I-PER	O	O	O	
have	O	O	O	O	
inherited	O	O	O	O	
legendary	O	O	O	O	
hatreds	O	O	O	O	
with	O	O	O	O	
the	O	O	O	O	
suit	O	O	O	O	
.	O	O	O	O	

The	B-PER	O	O	O	
little	I-PER	O	O	O	
plaintiff	I-PER	O	O	O	
or	O	O	O	O	
defendant	O	B-PER	O	O	
who	O	I-PER	O	O	
was	O	I-PER	O	O	
promised	O	I-PER	O	O	
a	O	I-PER	O	O	
new	O	I-PER	O	O	
rocking-horse	O	I-PER	O	O	
when	O	I-PER	O	O	
Jarndyce	B-PER	I-PER	O	O	
and	O	I-PER	O	O	
Jarndyce	B-PER	I-PER	O	O	
should	O	I-PER	O	O	
be	O	I-PER	O	O	
settled	O	I-PER	O	O	
has	O	O	O	O	
grown	O	O	O	O	
up	O	O	O	O	
,	O	O	O	O	
possessed	O	O	O	O	
himself	O	O	O	O	
of	O	O	O	O	
a	O	O	O	O	
real	O	O	O	O	
horse	O	O	O	O	
,	O	O	O	O	
and	O	O	O	O	
trotted	O	O	O	O	
away	O	O	O	O	
into	O	O	O	O	
the	B-LOC	O	O	O	
other	I-LOC	O	O	O	
world	I-LOC	O	O	O	
.	O	O	O	O	

Fair	B-PER	O	O	O	
wards	I-PER	O	O	O	
of	I-PER	O	O	O	
court	I-PER	O	O	O	
have	O	O	O	O	
faded	O	O	O	O	
into	O	O	O	O	
mothers	B-PER	O	O	O	
and	O	O	O	O	
grandmothers	B-PER	O	O	O	
;	O	O	O	O	
a	O	O	O	O	
long	O	O	O	O	
procession	O	O	O	O	
of	O	O	O	O	
Chancellors	B-PER	O	O	O	
has	O	O	O	O	
come	O	O	O	O	
in	O	O	O	O	
and	O	O	O	O	
gone	O	O	O	O	
out	O	O	O	O	
;	O	O	O	O	
the	O	O	O	O	
legion	O	O	O	O	
of	O	O	O	O	
bills	O	O	O	O	
in	O	O	O	O	
the	O	O	O	O	
suit	O	O	O	O	
have	O	O	O	O	
been	O	O	O	O	
transformed	O	O	O	O	
into	O	O	O	O	
mere	O	O	O	O	
bills	O	O	O	O	
of	O	O	O	O	
mortality	O	O	O	O	
;	O	O	O	O	
there	O	O	O	O	
are	O	O	O	O	
not	O	O	O	O	
three	B-PER	O	O	O	
Jarndyces	I-PER	O	O	O	
left	O	O	O	O	
upon	O	O	O	O	
the	B-LOC	O	O	O	
earth	I-LOC	O	O	O	
perhaps	O	O	O	O	
since	O	O	O	O	
old	B-PER	O	O	O	
Tom	I-PER	O	O	O	
Jarndyce	I-PER	O	O	O	
in	O	O	O	O	
despair	O	O	O	O	
blew	O	O	O	O	
his	O	O	O	O	
brains	O	O	O	O	
out	O	O	O	O	
at	O	O	O	O	
a	B-FAC	O	O	O	
coffee-house	I-FAC	O	O	O	
in	O	O	O	O	
Chancery	B-FAC	O	O	O	
Lane	I-FAC	O	O	O	
;	O	O	O	O	
but	O	O	O	O	
Jarndyce	B-PER	O	O	O	
and	O	O	O	O	
Jarndyce	B-PER	O	O	O	
still	O	O	O	O	
drags	O	O	O	O	
its	O	O	O	O	
dreary	O	O	O	O	
length	O	O	O	O	
before	O	O	O	O	
the	B-FAC	O	O	O	
court	I-FAC	O	O	O	
,	O	O	O	O	
perennially	O	O	O	O	
hopeless	O	O	O	O	
.	O	O	O	O	

Jarndyce	B-PER	O	O	O	
and	O	O	O	O	
Jarndyce	B-PER	O	O	O	
has	O	O	O	O	
passed	O	O	O	O	
into	O	O	O	O	
a	O	O	O	O	
joke	O	O	O	O	
.	O	O	O	O	

That	O	O	O	O	
is	O	O	O	O	
the	O	O	O	O	
only	O	O	O	O	
good	O	O	O	O	
that	O	O	O	O	
has	O	O	O	O	
ever	O	O	O	O	
come	O	O	O	O	
of	O	O	O	O	
it	O	O	O	O	
.	O	O	O	O	

It	O	O	O	O	
has	O	O	O	O	
been	O	O	O	O	
death	O	O	O	O	
to	O	O	O	O	
many	O	O	O	O	
,	O	O	O	O	
but	O	O	O	O	
it	O	O	O	O	
is	O	O	O	O	
a	O	O	O	O	
joke	O	O	O	O	
in	O	O	O	O	
the	O	O	O	O	
profession	O	O	O	O	
.	O	O	O	O	

Every	O	B-PER	O	O	
master	O	I-PER	O	O	
in	O	I-PER	O	O	
Chancery	B-FAC	I-PER	O	O	
has	O	O	O	O	
had	O	O	O	O	
a	O	O	O	O	
reference	O	O	O	O	
out	O	O	O	O	
of	O	O	O	O	
it	O	O	O	O	
.	O	O	O	O	

Every	B-PER	O	O	O	
Chancellor	I-PER	O	O	O	
was	O	O	O	O	
"	O	O	O	O	
in	O	O	O	O	
it	O	O	O	O	
,	O	O	O	O	
"	O	O	O	O	
for	O	O	O	O	
somebody	B-PER	O	O	O	
or	O	O	O	O	
other	O	O	O	O	
,	O	O	O	O	
when	O	O	O	O	
he	O	O	O	O	
was	O	O	O	O	
counsel	B-PER	O	O	O	
at	O	O	O	O	
the	O	O	O	O	
bar	O	O	O	O	
.	O	O	O	O	

Good	O	O	O	O	
things	O	O	O	O	
have	O	O	O	O	
been	O	O	O	O	
said	O	O	O	O	
about	O	O	O	O	
it	O	O	O	O	
by	O	O	O	O	
blue-nosed	B-PER	O	O	O	
,	I-PER	O	O	O	
bulbous-shoed	I-PER	O	O	O	
old	I-PER	O	O	O	
benchers	I-PER	O	O	O	
in	O	O	O	O	
select	O	O	O	O	
port-wine	O	O	O	O	
committee	O	O	O	O	
after	O	O	O	O	
dinner	O	O	O	O	
in	O	O	O	O	
hall	B-FAC	O	O	O	
.	O	O	O	O	

Articled	B-PER	O	O	O	
clerks	I-PER	O	O	O	
have	O	O	O	O	
been	O	O	O	O	
in	O	O	O	O	
the	O	O	O	O	
habit	O	O	O	O	
of	O	O	O	O	
fleshing	O	O	O	O	
their	O	O	O	O	
legal	O	O	O	O	
wit	O	O	O	O	
upon	O	O	O	O	
it	O	O	O	O	
.	O	O	O	O	

The	B-PER	O	O	O	
last	I-PER	O	O	O	
Lord	I-PER	O	O	O	
Chancellor	I-PER	O	O	O	
handled	O	O	O	O	
it	O	O	O	O	
neatly	O	O	O	O	
,	O	O	O	O	
when	O	O	O	O	
,	O	O	O	O	
correcting	O	O	O	O	
Mr.	B-PER	B-PER	O	O	
Blowers	O	I-PER	O	O	
,	O	O	O	O	
the	B-PER	O	O	O	
eminent	I-PER	O	O	O	
silk	I-PER	O	O	O	
gown	I-PER	O	O	O	
who	I-PER	O	O	O	
said	I-PER	O	O	O	
that	I-PER	O	O	O	
such	I-PER	O	O	O	
a	I-PER	O	O	O	
thing	I-PER	O	O	O	
might	I-PER	O	O	O	
happen	I-PER	O	O	O	
when	I-PER	O	O	O	
the	I-PER	O	O	O	
sky	I-PER	O	O	O	
rained	I-PER	O	O	O	
potatoes	I-PER	O	O	O	
,	O	O	O	O	
he	O	O	O	O	
observed	O	O	O	O	
,	O	O	O	O	
"	O	O	O	O	
or	O	O	O	O	
when	O	O	O	O	
we	O	O	O	O	
get	O	O	O	O	
through	O	O	O	O	
Jarndyce	B-PER	O	O	O	
and	O	O	O	O	
Jarndyce	B-PER	O	O	O	
,	O	O	O	O	
Mr.	B-PER	B-PER	O	O	
Blowers	O	I-PER	O	O	
"	O	O	O	O	
--	O	O	O	O	
a	O	O	O	O	
pleasantry	O	O	O	O	
that	O	O	O	O	
particularly	O	O	O	O	
tickled	O	O	O	O	
the	B-PER	O	O	O	
maces	I-PER	O	O	O	
,	O	O	O	O	
bags	B-PER	O	O	O	
,	O	O	O	O	
and	O	O	O	O	
purses	B-PER	O	O	O	
.	O	O	O	O	

How	O	O	O	O	
many	O	O	O	O	
people	B-PER	O	O	O	
out	O	O	O	O	
of	O	O	O	O	
the	O	O	O	O	
suit	O	O	O	O	
Jarndyce	B-PER	O	O	O	
and	O	O	O	O	
Jarndyce	B-PER	O	O	O	
has	O	O	O	O	
stretched	O	O	O	O	
forth	O	O	O	O	
its	O	O	O	O	
unwholesome	O	O	O	O	
hand	O	O	O	O	
to	O	O	O	O	
spoil	O	O	O	O	
and	O	O	O	O	
corrupt	O	O	O	O	
would	O	O	O	O	
be	O	O	O	O	
a	O	O	O	O	
very	O	O	O	O	
wide	O	O	O	O	
question	O	O	O	O	
.	O	O	O	O	

From	O	O	O	O	
the	B-PER	O	O	O	
master	I-PER	O	O	O	
upon	O	O	O	O	
whose	O	O	O	O	
impaling	O	O	O	O	
files	O	O	O	O	
reams	O	O	O	O	
of	O	O	O	O	
dusty	O	O	O	O	
warrants	O	O	O	O	
in	O	O	O	O	
Jarndyce	B-PER	O	O	O	
and	O	O	O	O	
Jarndyce	B-PER	O	O	O	
have	O	O	O	O	
grimly	O	O	O	O	
writhed	O	O	O	O	
into	O	O	O	O	
many	O	O	O	O	
shapes	O	O	O	O	
,	O	O	O	O	
down	O	O	O	O	
to	O	O	O	O	
the	B-PER	O	O	O	
copying-clerk	I-PER	O	O	O	
in	O	O	O	O	
the	B-FAC	O	O	O	
Six	I-FAC	O	O	O	
Clerks	I-FAC	O	O	O	
'	I-FAC	O	O	O	
Office	I-FAC	O	O	O	
who	O	O	O	O	
has	O	O	O	O	
copied	O	O	O	O	
his	O	O	O	O	
tens	O	O	O	O	
of	O	O	O	O	
thousands	O	O	O	O	
of	O	O	O	O	
Chancery	B-FAC	O	O	O	
folio-pages	O	O	O	O	
under	O	O	O	O	
that	O	O	O	O	
eternal	O	O	O	O	
heading	O	O	O	O	
,	O	O	O	O	
no	B-PER	O	O	O	
man	I-PER	O	O	O	
's	O	O	O	O	
nature	O	O	O	O	
has	O	O	O	O	
been	O	O	O	O	
made	O	O	O	O	
better	O	O	O	O	
by	O	O	O	O	
it	O	O	O	O	
.	O	O	O	O	

In	O	O	O	O	
trickery	O	O	O	O	
,	O	O	O	O	
evasion	O	O	O	O	
,	O	O	O	O	
procrastination	O	O	O	O	
,	O	O	O	O	
spoliation	O	O	O	O	
,	O	O	O	O	
botheration	O	O	O	O	
,	O	O	O	O	
under	O	O	O	O	
false	O	O	O	O	
pretences	O	O	O	O	
of	O	O	O	O	
all	O	O	O	O	
sorts	O	O	O	O	
,	O	O	O	O	
there	O	O	O	O	
are	O	O	O	O	
influences	O	O	O	O	
that	O	O	O	O	
can	O	O	O	O	
never	O	O	O	O	
come	O	O	O	O	
to	O	O	O	O	
good	O	O	O	O	
.	O	O	O	O	

The	B-PER	O	O	O	
very	I-PER	O	O	O	
solicitors	I-PER	O	O	O	
'	I-PER	O	O	O	
boys	I-PER	O	O	O	
who	O	O	O	O	
have	O	O	O	O	
kept	O	O	O	O	
the	B-PER	O	O	O	
wretched	I-PER	O	O	O	
suitors	I-PER	O	O	O	
at	O	O	O	O	
bay	O	O	O	O	
,	O	O	O	O	
by	O	O	O	O	
protesting	O	O	O	O	
time	O	O	O	O	
out	O	O	O	O	
of	O	O	O	O	
mind	O	O	O	O	
that	O	O	O	O	
Mr.	B-PER	B-PER	O	O	
Chizzle	O	I-PER	O	O	
,	O	O	O	O	
Mizzle	B-PER	O	O	O	
,	O	O	O	O	
or	O	O	O	O	
otherwise	O	O	O	O	
was	O	O	O	O	
particularly	O	O	O	O	
engaged	O	O	O	O	
and	O	O	O	O	
had	O	O	O	O	
appointments	O	O	O	O	
until	O	O	O	O	
dinner	O	O	O	O	
,	O	O	O	O	
may	O	O	O	O	
have	O	O	O	O	
got	O	O	O	O	
an	O	O	O	O	
extra	O	O	O	O	
moral	O	O	O	O	
twist	O	O	O	O	
and	O	O	O	O	
shuffle	O	O	O	O	
into	O	O	O	O	
themselves	O	O	O	O	
out	O	O	O	O	
of	O	O	O	O	
Jarndyce	B-PER	O	O	O	
and	O	O	O	O	
Jarndyce	B-PER	O	O	O	
.	O	O	O	O	

The	B-PER	O	O	O	
receiver	I-PER	O	O	O	
in	I-PER	O	O	O	
the	I-PER	O	O	O	
cause	I-PER	O	O	O	
has	O	O	O	O	
acquired	O	O	O	O	
a	O	O	O	O	
goodly	O	O	O	O	
sum	O	O	O	O	
of	O	O	O	O	
money	O	O	O	O	
by	O	O	O	O	
it	O	O	O	O	
but	O	O	O	O	
has	O	O	O	O	
acquired	O	O	O	O	
too	O	O	O	O	
a	O	O	O	O	
distrust	O	O	O	O	
of	O	O	O	O	
his	B-PER	O	O	O	
own	I-PER	O	O	O	
mother	I-PER	O	O	O	
and	O	O	O	O	
a	O	O	O	O	
contempt	O	O	O	O	
for	O	O	O	O	
his	O	O	O	O	
own	O	O	O	O	
kind	O	O	O	O	
.	O	O	O	O	

Chizzle	B-PER	O	O	O	
,	O	O	O	O	
Mizzle	B-PER	O	O	O	
,	O	O	O	O	
and	O	O	O	O	
otherwise	O	O	O	O	
have	O	O	O	O	
lapsed	O	O	O	O	
into	O	O	O	O	
a	O	O	O	O	
habit	O	O	O	O	
of	O	O	O	O	
vaguely	O	O	O	O	
promising	O	O	O	O	
themselves	O	O	O	O	
that	O	O	O	O	
they	O	O	O	O	
will	O	O	O	O	
look	O	O	O	O	
into	O	O	O	O	
that	O	O	O	O	
outstanding	O	O	O	O	
little	O	O	O	O	
matter	O	O	O	O	
and	O	O	O	O	
see	O	O	O	O	
what	O	O	O	O	
can	O	O	O	O	
be	O	O	O	O	
done	O	O	O	O	
for	O	O	O	O	
Drizzle	B-PER	O	O	O	
--	O	O	O	O	
who	O	O	O	O	
was	O	O	O	O	
not	O	O	O	O	
well	O	O	O	O	
used	O	O	O	O	
--	O	O	O	O	
when	O	O	O	O	
Jarndyce	B-PER	O	O	O	
and	O	O	O	O	
Jarndyce	B-PER	O	O	O	
shall	O	O	O	O	
be	O	O	O	O	
got	O	O	O	O	
out	O	O	O	O	
of	O	O	O	O	
the	B-FAC	O	O	O	
office	I-FAC	O	O	O	
.	O	O	O	O	

Shirking	O	O	O	O	
and	O	O	O	O	
sharking	O	O	O	O	
in	O	O	O	O	
all	O	O	O	O	
their	O	O	O	O	
many	O	O	O	O	
varieties	O	O	O	O	
have	O	O	O	O	
been	O	O	O	O	
sown	O	O	O	O	
broadcast	O	O	O	O	
by	O	O	O	O	
the	O	O	O	O	
ill-fated	O	O	O	O	
cause	O	O	O	O	
;	O	O	O	O	
and	O	O	O	O	
even	O	O	O	O	
those	O	O	O	O	
who	O	O	O	O	
have	O	O	O	O	
contemplated	O	O	O	O	
its	O	O	O	O	
history	O	O	O	O	
from	O	O	O	O	
the	O	O	O	O	
outermost	O	O	O	O	
circle	O	O	O	O	
of	O	O	O	O	
such	O	O	O	O	
evil	O	O	O	O	
have	O	O	O	O	
been	O	O	O	O	
insensibly	O	O	O	O	
tempted	O	O	O	O	
into	O	O	O	O	
a	O	O	O	O	
loose	O	O	O	O	
way	O	O	O	O	
of	O	O	O	O	
letting	O	O	O	O	
bad	O	O	O	O	
things	O	O	O	O	
alone	O	O	O	O	
to	O	O	O	O	
take	O	O	O	O	
their	O	O	O	O	
own	O	O	O	O	
bad	O	O	O	O	
course	O	O	O	O	
,	O	O	O	O	
and	O	O	O	O	
a	O	O	O	O	
loose	O	O	O	O	
belief	O	O	O	O	
that	O	O	O	O	
if	O	O	O	O	
the	B-LOC	O	O	O	
world	I-LOC	O	O	O	
go	O	O	O	O	
wrong	O	O	O	O	
it	O	O	O	O	
was	O	O	O	O	
in	O	O	O	O	
some	O	O	O	O	
off-hand	O	O	O	O	
manner	O	O	O	O	
never	O	O	O	O	
meant	O	O	O	O	
to	O	O	O	O	
go	O	O	O	O	
right	O	O	O	O	
.	O	O	O	O	

