May	O	O	O	O	
7th	O	O	O	O	
.	O	O	O	O	

--	O	O	O	O	
I	O	O	O	O	
love	O	O	O	O	
my	B-FAC	O	O	O	
garden	I-FAC	O	O	O	
.	O	O	O	O	

I	O	O	O	O	
am	O	O	O	O	
writing	O	O	O	O	
in	O	O	O	O	
it	O	O	O	O	
now	O	O	O	O	
in	O	O	O	O	
the	O	O	O	O	
late	O	O	O	O	
afternoon	O	O	O	O	
loveliness	O	O	O	O	
,	O	O	O	O	
much	O	O	O	O	
interrupted	O	O	O	O	
by	O	O	O	O	
the	O	O	O	O	
mosquitoes	O	O	O	O	
and	O	O	O	O	
the	O	O	O	O	
temptation	O	O	O	O	
to	O	O	O	O	
look	O	O	O	O	
at	O	O	O	O	
all	O	O	O	O	
the	O	O	O	O	
glories	O	O	O	O	
of	O	O	O	O	
the	O	O	O	O	
new	O	O	O	O	
green	O	O	O	O	
leaves	O	O	O	O	
washed	O	O	O	O	
half	O	O	O	O	
an	O	O	O	O	
hour	O	O	O	O	
ago	O	O	O	O	
in	O	O	O	O	
a	O	O	O	O	
cold	O	O	O	O	
shower	O	O	O	O	
.	O	O	O	O	

Two	O	O	O	O	
owls	O	O	O	O	
are	O	O	O	O	
perched	O	O	O	O	
near	O	O	O	O	
me	O	O	O	O	
,	O	O	O	O	
and	O	O	O	O	
are	O	O	O	O	
carrying	O	O	O	O	
on	O	O	O	O	
a	O	O	O	O	
long	O	O	O	O	
conversation	O	O	O	O	
that	O	O	O	O	
I	O	O	O	O	
enjoy	O	O	O	O	
as	O	O	O	O	
much	O	O	O	O	
as	O	O	O	O	
any	O	O	O	O	
warbling	O	O	O	O	
of	O	O	O	O	
nightingales	O	O	O	O	
.	O	O	O	O	

The	O	O	O	O	
gentleman	O	O	O	O	
owl	O	O	O	O	
says	O	O	O	O	
[	O	O	O	O	
[	O	O	O	O	
musical	O	O	O	O	
notes	O	O	O	O	
occur	O	O	O	O	
here	O	O	O	O	
in	O	O	O	O	
the	O	O	O	O	
printed	O	O	O	O	
text	O	O	O	O	
]	O	O	O	O	
]	O	O	O	O	
,	O	O	O	O	
and	O	O	O	O	
she	O	O	O	O	
answers	O	O	O	O	
from	O	O	O	O	
her	O	O	O	O	
tree	O	O	O	O	
a	O	O	O	O	
little	O	O	O	O	
way	O	O	O	O	
off	O	O	O	O	
,	O	O	O	O	
[	O	O	O	O	
[	O	O	O	O	
musical	O	O	O	O	
notes	O	O	O	O	
]	O	O	O	O	
]	O	O	O	O	
,	O	O	O	O	
beautifully	O	O	O	O	
assenting	O	O	O	O	
to	O	O	O	O	
and	O	O	O	O	
completing	O	O	O	O	
her	O	O	O	O	
lord	O	O	O	O	
’s	O	O	O	O	
remark	O	O	O	O	
,	O	O	O	O	
as	O	O	O	O	
becomes	O	O	O	O	
a	O	O	O	O	
properly	O	O	O	O	
constructed	O	O	O	O	
German	O	O	O	O	
she-owl	O	O	O	O	
.	O	O	O	O	

They	O	O	O	O	
say	O	O	O	O	
the	O	O	O	O	
same	O	O	O	O	
thing	O	O	O	O	
over	O	O	O	O	
and	O	O	O	O	
over	O	O	O	O	
again	O	O	O	O	
so	O	O	O	O	
emphatically	O	O	O	O	
that	O	O	O	O	
I	O	O	O	O	
think	O	O	O	O	
it	O	O	O	O	
must	O	O	O	O	
be	O	O	O	O	
something	O	O	O	O	
nasty	O	O	O	O	
about	O	O	O	O	
me	O	O	O	O	
;	O	O	O	O	
but	O	O	O	O	
I	O	O	O	O	
shall	O	O	O	O	
not	O	O	O	O	
let	O	O	O	O	
myself	O	O	O	O	
be	O	O	O	O	
frightened	O	O	O	O	
away	O	O	O	O	
by	O	O	O	O	
the	O	O	O	O	
sarcasm	O	O	O	O	
of	O	O	O	O	
owls	O	O	O	O	
.	O	O	O	O	

This	O	O	O	O	
is	O	O	O	O	
less	O	O	O	O	
a	B-FAC	O	O	O	
garden	I-FAC	O	O	O	
than	O	O	O	O	
a	B-LOC	O	O	O	
wilderness	I-LOC	O	O	O	
.	O	O	O	O	

No	B-PER	O	O	O	
one	I-PER	O	O	O	
has	O	O	O	O	
lived	O	O	O	O	
in	O	O	O	O	
the	B-FAC	O	O	O	
house	I-FAC	O	O	O	
,	O	O	O	O	
much	O	O	O	O	
less	O	O	O	O	
in	O	O	O	O	
the	B-FAC	O	O	O	
garden	I-FAC	O	O	O	
,	O	O	O	O	
for	O	O	O	O	
twenty-five	O	O	O	O	
years	O	O	O	O	
,	O	O	O	O	
and	O	O	O	O	
it	O	O	O	O	
is	O	O	O	O	
such	O	O	O	O	
a	B-FAC	O	O	O	
pretty	I-FAC	O	O	O	
old	I-FAC	O	O	O	
place	I-FAC	O	O	O	
that	O	O	O	O	
the	O	O	B-PER	O	
people	O	O	I-PER	O	
who	O	O	I-PER	O	
might	O	O	I-PER	O	
have	O	O	I-PER	O	
lived	O	O	I-PER	O	
here	B-FAC	O	I-PER	O	
and	O	O	I-PER	O	
did	O	O	I-PER	O	
not	O	O	I-PER	O	
,	O	O	I-PER	O	
deliberately	O	O	I-PER	O	
preferring	O	O	I-PER	O	
the	O	O	I-PER	O	
horrors	O	O	I-PER	O	
of	O	O	I-PER	O	
a	O	B-FAC	I-PER	O	
flat	O	I-FAC	I-PER	O	
in	O	I-FAC	I-PER	O	
a	B-GPE	I-FAC	I-PER	O	
town	I-GPE	I-FAC	I-PER	O	
,	O	O	O	O	
must	O	O	O	O	
have	O	O	O	O	
belonged	O	O	O	O	
to	O	O	O	O	
that	O	B-PER	O	O	
vast	O	I-PER	O	O	
number	O	I-PER	O	O	
of	O	I-PER	O	O	
eyeless	O	I-PER	O	O	
and	O	I-PER	O	O	
earless	O	I-PER	O	O	
persons	O	I-PER	O	O	
of	O	I-PER	O	O	
whom	O	I-PER	O	O	
the	B-LOC	I-PER	O	O	
world	I-LOC	I-PER	O	O	
seems	O	I-PER	O	O	
chiefly	O	I-PER	O	O	
composed	O	I-PER	O	O	
.	O	O	O	O	

Noseless	O	O	O	O	
too	O	O	O	O	
,	O	O	O	O	
though	O	O	O	O	
it	O	O	O	O	
does	O	O	O	O	
not	O	O	O	O	
sound	O	O	O	O	
pretty	O	O	O	O	
;	O	O	O	O	
but	O	O	O	O	
the	O	O	O	O	
greater	O	O	O	O	
part	O	O	O	O	
of	O	O	O	O	
my	O	O	O	O	
spring	O	O	O	O	
happiness	O	O	O	O	
is	O	O	O	O	
due	O	O	O	O	
to	O	O	O	O	
the	O	O	O	O	
scent	O	O	O	O	
of	O	O	O	O	
the	O	O	O	O	
wet	O	O	O	O	
earth	O	O	O	O	
and	O	O	O	O	
young	O	O	O	O	
leaves	O	O	O	O	
.	O	O	O	O	

I	O	O	O	O	
am	O	O	O	O	
always	O	O	O	O	
happy	O	O	O	O	
(	O	O	O	O	
out	O	O	O	O	
of	O	O	O	O	
doors	O	O	O	O	
be	O	O	O	O	
it	O	O	O	O	
understood	O	O	O	O	
,	O	O	O	O	
for	O	O	O	O	
indoors	O	O	O	O	
there	O	O	O	O	
are	O	O	O	O	
servants	B-PER	O	O	O	
and	O	O	O	O	
furniture	O	O	O	O	
)	O	O	O	O	
but	O	O	O	O	
in	O	O	O	O	
quite	O	O	O	O	
different	O	O	O	O	
ways	O	O	O	O	
,	O	O	O	O	
and	O	O	O	O	
my	O	O	O	O	
spring	O	O	O	O	
happiness	O	O	O	O	
bears	O	O	O	O	
no	O	O	O	O	
resemblance	O	O	O	O	
to	O	O	O	O	
my	O	O	O	O	
summer	O	O	O	O	
or	O	O	O	O	
autumn	O	O	O	O	
happiness	O	O	O	O	
,	O	O	O	O	
though	O	O	O	O	
it	O	O	O	O	
is	O	O	O	O	
not	O	O	O	O	
more	O	O	O	O	
intense	O	O	O	O	
,	O	O	O	O	
and	O	O	O	O	
there	O	O	O	O	
were	O	O	O	O	
days	O	O	O	O	
last	O	O	O	O	
winter	O	O	O	O	
when	O	O	O	O	
I	O	O	O	O	
danced	O	O	O	O	
for	O	O	O	O	
sheer	O	O	O	O	
joy	O	O	O	O	
out	O	O	O	O	
in	O	O	O	O	
my	B-FAC	O	O	O	
frost-bound	I-FAC	O	O	O	
garden	I-FAC	O	O	O	
,	O	O	O	O	
in	O	O	O	O	
spite	O	O	O	O	
of	O	O	O	O	
my	O	O	O	O	
years	O	O	O	O	
and	O	O	O	O	
children	B-PER	O	O	O	
.	O	O	O	O	

But	O	O	O	O	
I	O	O	O	O	
did	O	O	O	O	
it	O	O	O	O	
behind	O	O	O	O	
a	O	O	O	O	
bush	O	O	O	O	
,	O	O	O	O	
having	O	O	O	O	
a	O	O	O	O	
due	O	O	O	O	
regard	O	O	O	O	
for	O	O	O	O	
the	O	O	O	O	
decencies	O	O	O	O	
.	O	O	O	O	

There	O	O	O	O	
are	O	O	O	O	
so	O	O	O	O	
many	O	O	O	O	
bird-cherries	O	O	O	O	
round	O	O	O	O	
me	O	O	O	O	
,	O	O	O	O	
great	O	O	O	O	
trees	O	O	O	O	
with	O	O	O	O	
branches	O	O	O	O	
sweeping	O	O	O	O	
the	O	O	O	O	
grass	O	O	O	O	
,	O	O	O	O	
and	O	O	O	O	
they	O	O	O	O	
are	O	O	O	O	
so	O	O	O	O	
wreathed	O	O	O	O	
just	O	O	O	O	
now	O	O	O	O	
with	O	O	O	O	
white	O	O	O	O	
blossoms	O	O	O	O	
and	O	O	O	O	
tenderest	O	O	O	O	
green	O	O	O	O	
that	O	O	O	O	
the	B-FAC	O	O	O	
garden	I-FAC	O	O	O	
looks	O	O	O	O	
like	O	O	O	O	
a	O	O	O	O	
wedding	O	O	O	O	
.	O	O	O	O	

I	O	O	O	O	
never	O	O	O	O	
saw	O	O	O	O	
such	O	O	O	O	
masses	O	O	O	O	
of	O	O	O	O	
them	O	O	O	O	
;	O	O	O	O	
they	O	O	O	O	
seemed	O	O	O	O	
to	O	O	O	O	
fill	O	O	O	O	
the	B-FAC	O	O	O	
place	I-FAC	O	O	O	
.	O	O	O	O	

Even	O	O	O	O	
across	O	O	O	O	
a	O	B-LOC	O	O	
little	O	I-LOC	O	O	
stream	O	I-LOC	O	O	
that	O	I-LOC	O	O	
bounds	O	I-LOC	O	O	
the	B-FAC	I-LOC	O	O	
garden	I-FAC	I-LOC	O	O	
on	O	I-LOC	O	O	
the	O	I-LOC	O	O	
east	O	I-LOC	O	O	
,	O	O	O	O	
and	O	O	O	O	
right	O	O	O	O	
in	O	O	O	O	
the	O	O	O	O	
middle	O	O	O	O	
of	O	O	O	O	
the	B-FAC	O	O	O	
cornfield	I-FAC	O	O	O	
beyond	I-FAC	O	O	O	
,	O	O	O	O	
there	O	O	O	O	
is	O	O	O	O	
an	O	O	O	O	
immense	O	O	O	O	
one	O	O	O	O	
,	O	O	O	O	
a	O	O	O	O	
picture	O	O	O	O	
of	O	O	O	O	
grace	O	O	O	O	
and	O	O	O	O	
glory	O	O	O	O	
against	O	O	O	O	
the	O	O	O	O	
cold	O	O	O	O	
blue	O	O	O	O	
of	O	O	O	O	
the	O	O	O	O	
spring	O	O	O	O	
sky	O	O	O	O	
.	O	O	O	O	

My	B-FAC	O	O	O	
garden	I-FAC	O	O	O	
is	O	O	O	O	
surrounded	O	O	O	O	
by	O	O	O	O	
cornfields	B-FAC	O	O	O	
and	O	O	O	O	
meadows	B-LOC	O	O	O	
,	O	O	O	O	
and	O	O	O	O	
beyond	O	O	O	O	
are	O	O	O	O	
great	O	O	O	O	
stretches	O	O	O	O	
of	O	O	O	O	
sandy	B-LOC	O	O	O	
heath	I-LOC	O	O	O	
and	O	O	O	O	
pine	B-LOC	O	O	O	
forests	I-LOC	O	O	O	
,	O	O	O	O	
and	O	O	O	O	
where	O	O	O	O	
the	B-LOC	O	O	O	
forests	I-LOC	O	O	O	
leave	O	O	O	O	
off	O	O	O	O	
the	B-LOC	O	O	O	
bare	I-LOC	O	O	O	
heath	I-LOC	O	O	O	
begins	O	O	O	O	
again	O	O	O	O	
;	O	O	O	O	
but	O	O	O	O	
the	B-LOC	O	O	O	
forests	I-LOC	O	O	O	
are	O	O	O	O	
beautiful	O	O	O	O	
in	O	O	O	O	
their	O	O	O	O	
lofty	O	O	O	O	
,	O	O	O	O	
pink-stemmed	O	O	O	O	
vastness	O	O	O	O	
,	O	O	O	O	
far	O	O	O	O	
overhead	O	O	O	O	
the	O	O	O	O	
crowns	O	O	O	O	
of	O	O	O	O	
softest	O	O	O	O	
gray-green	O	O	O	O	
,	O	O	O	O	
and	O	O	O	O	
underfoot	O	O	O	O	
a	O	O	O	O	
bright	O	O	O	O	
green	O	O	O	O	
wortleberry	O	O	O	O	
carpet	O	O	O	O	
,	O	O	O	O	
and	O	O	O	O	
everywhere	O	O	O	O	
the	O	O	O	O	
breathless	O	O	O	O	
silence	O	O	O	O	
;	O	O	O	O	
and	O	O	O	O	
the	B-LOC	O	O	O	
bare	I-LOC	O	O	O	
heaths	I-LOC	O	O	O	
are	O	O	O	O	
beautiful	O	O	O	O	
too	O	O	O	O	
,	O	O	O	O	
for	O	O	O	O	
one	O	O	O	O	
can	O	O	O	O	
see	O	O	O	O	
across	O	O	O	O	
them	O	O	O	O	
into	O	O	O	O	
eternity	O	O	O	O	
almost	O	O	O	O	
,	O	O	O	O	
and	O	O	O	O	
to	O	O	O	O	
go	O	O	O	O	
out	O	O	O	O	
on	O	O	O	O	
to	O	O	O	O	
them	O	O	O	O	
with	O	O	O	O	
one	O	O	O	O	
’s	O	O	O	O	
face	O	O	O	O	
towards	O	O	O	O	
the	O	O	O	O	
setting	O	O	O	O	
sun	O	O	O	O	
is	O	O	O	O	
like	O	O	O	O	
going	O	O	O	O	
into	O	O	O	O	
the	O	O	O	O	
very	O	O	O	O	
presence	O	O	O	O	
of	O	O	O	O	
God	B-PER	O	O	O	
.	O	O	O	O	

In	O	O	O	O	
the	O	O	O	O	
middle	O	O	O	O	
of	O	O	O	O	
this	B-LOC	O	O	O	
plain	I-LOC	O	O	O	
is	O	O	O	O	
the	B-FAC	O	O	O	
oasis	I-FAC	O	O	O	
of	I-FAC	O	O	O	
birdcherries	I-FAC	O	O	O	
and	I-FAC	O	O	O	
greenery	I-FAC	O	O	O	
where	I-FAC	O	O	O	
I	I-FAC	O	O	O	
spend	I-FAC	O	O	O	
my	I-FAC	O	O	O	
happy	I-FAC	O	O	O	
days	I-FAC	O	O	O	
,	O	O	O	O	
and	O	O	O	O	
in	O	O	O	O	
the	O	O	O	O	
middle	O	O	O	O	
of	O	O	O	O	
the	B-FAC	O	O	O	
oasis	I-FAC	O	O	O	
is	O	O	O	O	
the	B-FAC	O	O	O	
gray	I-FAC	O	O	O	
stone	I-FAC	O	O	O	
house	I-FAC	O	O	O	
with	I-FAC	O	O	O	
many	I-FAC	O	O	O	
gables	I-FAC	O	O	O	
where	I-FAC	O	O	O	
I	I-FAC	O	O	O	
pass	I-FAC	O	O	O	
my	I-FAC	O	O	O	
reluctant	I-FAC	O	O	O	
nights	I-FAC	O	O	O	
.	O	O	O	O	

The	B-FAC	O	O	O	
house	I-FAC	O	O	O	
is	O	O	O	O	
very	O	O	O	O	
old	O	O	O	O	
,	O	O	O	O	
and	O	O	O	O	
has	O	O	O	O	
been	O	O	O	O	
added	O	O	O	O	
to	O	O	O	O	
at	O	O	O	O	
various	O	O	O	O	
times	O	O	O	O	
.	O	O	O	O	

It	O	O	O	O	
was	O	O	O	O	
a	B-FAC	O	O	O	
convent	I-FAC	O	O	O	
before	O	O	O	O	
the	O	O	O	O	
Thirty	O	O	O	O	
Years	O	O	O	O	
’	O	O	O	O	
War	O	O	O	O	
,	O	O	O	O	
and	O	O	O	O	
the	B-FAC	O	O	O	
vaulted	I-FAC	O	O	O	
chapel	I-FAC	O	O	O	
,	O	O	O	O	
with	O	O	O	O	
its	O	O	O	O	
brick	O	O	O	O	
floor	O	O	O	O	
worn	O	O	O	O	
by	O	O	O	O	
pious	O	O	O	O	
peasant	B-PER	O	O	O	
knees	O	O	O	O	
,	O	O	O	O	
is	O	O	O	O	
now	O	O	O	O	
used	O	O	O	O	
as	O	O	O	O	
a	B-FAC	O	O	O	
hall	I-FAC	O	O	O	
.	O	O	O	O	

Gustavus	B-PER	O	O	O	
Adolphus	I-PER	O	O	O	
and	O	O	O	O	
his	B-PER	O	O	O	
Swedes	I-PER	O	O	O	
passed	O	O	O	O	
through	O	O	O	O	
more	O	O	O	O	
than	O	O	O	O	
once	O	O	O	O	
,	O	O	O	O	
as	O	O	O	O	
is	O	O	O	O	
duly	O	O	O	O	
recorded	O	O	O	O	
in	O	O	O	O	
archives	O	O	O	O	
still	O	O	O	O	
preserved	O	O	O	O	
,	O	O	O	O	
for	O	O	O	O	
we	O	O	O	O	
are	O	O	O	O	
on	O	O	O	O	
what	O	O	O	O	
was	O	O	O	O	
then	O	O	O	O	
the	O	B-FAC	O	O	
high-road	O	I-FAC	O	O	
between	O	I-FAC	O	O	
Sweden	B-GPE	I-FAC	O	O	
and	O	I-FAC	O	O	
Brandenburg	B-GPE	I-FAC	O	O	
the	I-GPE	I-FAC	O	O	
unfortunate	I-GPE	I-FAC	O	O	
.	O	O	O	O	

The	O	B-PER	O	O	
Lion	O	I-PER	O	O	
of	O	I-PER	O	O	
the	B-LOC	I-PER	O	O	
North	I-LOC	I-PER	O	O	
was	O	O	O	O	
no	O	O	O	O	
doubt	O	O	O	O	
an	B-PER	O	O	O	
estimable	I-PER	O	O	O	
person	I-PER	O	O	O	
and	O	O	O	O	
acted	O	O	O	O	
wholly	O	O	O	O	
up	O	O	O	O	
to	O	O	O	O	
his	O	O	O	O	
convictions	O	O	O	O	
,	O	O	O	O	
but	O	O	O	O	
he	O	O	O	O	
must	O	O	O	O	
have	O	O	O	O	
sadly	O	O	O	O	
upset	O	O	O	O	
the	B-PER	O	O	O	
peaceful	I-PER	O	O	O	
nuns	I-PER	O	O	O	
,	I-PER	O	O	O	
who	I-PER	O	O	O	
were	I-PER	O	O	O	
not	I-PER	O	O	O	
without	I-PER	O	O	O	
convictions	I-PER	O	O	O	
of	I-PER	O	O	O	
their	I-PER	O	O	O	
own	I-PER	O	O	O	
,	O	O	O	O	
sending	O	O	O	O	
them	O	O	O	O	
out	O	O	O	O	
on	O	O	O	O	
to	O	O	O	O	
the	B-LOC	O	O	O	
wide	I-LOC	O	O	O	
,	I-LOC	O	O	O	
empty	I-LOC	O	O	O	
plain	I-LOC	O	O	O	
to	O	O	O	O	
piteously	O	O	O	O	
seek	O	O	O	O	
some	O	O	O	O	
life	O	O	O	O	
to	O	O	O	O	
replace	O	O	O	O	
the	O	O	O	O	
life	O	O	O	O	
of	O	O	O	O	
silence	O	O	O	O	
here	B-FAC	O	O	O	
.	O	O	O	O	

From	O	O	O	O	
nearly	O	O	O	O	
all	O	O	O	O	
the	O	O	O	O	
windows	O	O	O	O	
of	O	O	O	O	
the	B-FAC	O	O	O	
house	I-FAC	O	O	O	
I	O	O	O	O	
can	O	O	O	O	
look	O	O	O	O	
out	O	O	O	O	
across	O	O	O	O	
the	B-LOC	O	O	O	
plain	I-LOC	O	O	O	
,	O	O	O	O	
with	O	O	O	O	
no	O	O	O	O	
obstacle	O	O	O	O	
in	O	O	O	O	
the	O	O	O	O	
shape	O	O	O	O	
of	O	O	O	O	
a	B-LOC	O	O	O	
hill	I-LOC	O	O	O	
,	O	O	O	O	
right	O	O	O	O	
away	O	O	O	O	
to	O	O	O	O	
a	O	O	O	O	
blue	O	O	O	O	
line	O	O	O	O	
of	O	O	O	O	
distant	B-LOC	O	O	O	
forest	I-LOC	O	O	O	
,	O	O	O	O	
and	O	O	O	O	
on	O	O	O	O	
the	O	O	O	O	
west	O	O	O	O	
side	O	O	O	O	
uninterruptedly	O	O	O	O	
to	O	O	O	O	
the	O	O	O	O	
setting	O	O	O	O	
sun	O	O	O	O	
--	O	O	O	O	
nothing	O	O	O	O	
but	O	O	O	O	
a	B-LOC	O	O	O	
green	I-LOC	O	O	O	
,	I-LOC	O	O	O	
rolling	I-LOC	O	O	O	
plain	I-LOC	O	O	O	
,	O	O	O	O	
with	O	O	O	O	
a	O	O	O	O	
sharp	O	O	O	O	
edge	O	O	O	O	
against	O	O	O	O	
the	O	O	O	O	
sunset	O	O	O	O	
.	O	O	O	O	

I	O	O	O	O	
love	O	O	O	O	
those	O	O	O	O	
west	O	O	O	O	
windows	O	O	O	O	
better	O	O	O	O	
than	O	O	O	O	
any	O	O	O	O	
others	O	O	O	O	
,	O	O	O	O	
and	O	O	O	O	
have	O	O	O	O	
chosen	O	O	O	O	
my	B-FAC	O	O	O	
bedroom	I-FAC	O	O	O	
on	O	O	O	O	
that	O	O	O	O	
side	O	O	O	O	
of	O	O	O	O	
the	B-FAC	O	O	O	
house	I-FAC	O	O	O	
so	O	O	O	O	
that	O	O	O	O	
even	O	O	O	O	
times	O	O	O	O	
of	O	O	O	O	
hair-brushing	O	O	O	O	
may	O	O	O	O	
not	O	O	O	O	
be	O	O	O	O	
entirely	O	O	O	O	
lost	O	O	O	O	
,	O	O	O	O	
and	O	O	O	O	
the	B-PER	O	O	O	
young	I-PER	O	O	O	
woman	I-PER	O	O	O	
who	I-PER	O	O	O	
attends	I-PER	O	O	O	
to	I-PER	O	O	O	
such	I-PER	O	O	O	
matters	I-PER	O	O	O	
has	O	O	O	O	
been	O	O	O	O	
taught	O	O	O	O	
to	O	O	O	O	
fulfil	O	O	O	O	
her	O	O	O	O	
duties	O	O	O	O	
about	O	O	O	O	
a	B-PER	O	O	O	
mistress	I-PER	O	O	O	
recumbent	I-PER	O	O	O	
in	I-PER	O	O	O	
an	I-PER	O	O	O	
easychair	I-PER	O	O	O	
before	I-PER	O	O	O	
an	I-PER	O	O	O	
open	I-PER	O	O	O	
window	I-PER	O	O	O	
,	O	O	O	O	
and	O	O	O	O	
not	O	O	O	O	
to	O	O	O	O	
profane	O	O	O	O	
with	O	O	O	O	
chatter	O	O	O	O	
that	O	O	O	O	
sweet	O	O	O	O	
and	O	O	O	O	
solemn	O	O	O	O	
time	O	O	O	O	
.	O	O	O	O	

This	B-PER	O	O	O	
girl	I-PER	O	O	O	
is	O	O	O	O	
grieved	O	O	O	O	
at	O	O	O	O	
my	O	O	O	O	
habit	O	O	O	O	
of	O	O	O	O	
living	O	O	O	O	
almost	O	O	O	O	
in	O	O	O	O	
the	B-FAC	O	O	O	
garden	I-FAC	O	O	O	
,	O	O	O	O	
and	O	O	O	O	
all	O	O	O	O	
her	O	O	O	O	
ideas	O	O	O	O	
as	O	O	O	O	
to	O	O	O	O	
the	O	O	O	O	
sort	O	O	O	O	
of	O	O	O	O	
life	O	O	O	O	
a	B-PER	O	O	O	
respectable	I-PER	O	O	O	
German	I-PER	O	O	O	
lady	I-PER	O	O	O	
should	O	O	O	O	
lead	O	O	O	O	
have	O	O	O	O	
got	O	O	O	O	
into	O	O	O	O	
a	O	O	O	O	
sad	O	O	O	O	
muddle	O	O	O	O	
since	O	O	O	O	
she	O	O	O	O	
came	O	O	O	O	
to	O	O	O	O	
me	O	O	O	O	
.	O	O	O	O	

The	B-PER	O	O	O	
people	I-PER	O	O	O	
round	I-PER	O	O	O	
about	I-PER	O	O	O	
are	O	O	O	O	
persuaded	O	O	O	O	
that	O	O	O	O	
I	O	O	O	O	
am	O	O	O	O	
,	O	O	O	O	
to	O	O	O	O	
put	O	O	O	O	
it	O	O	O	O	
as	O	O	O	O	
kindly	O	O	O	O	
as	O	O	O	O	
possible	O	O	O	O	
,	O	O	O	O	
exceedingly	O	O	O	O	
eccentric	O	O	O	O	
,	O	O	O	O	
for	O	O	O	O	
the	O	O	O	O	
news	O	O	O	O	
has	O	O	O	O	
travelled	O	O	O	O	
that	O	O	O	O	
I	O	O	O	O	
spend	O	O	O	O	
the	O	O	O	O	
day	O	O	O	O	
out	O	O	O	O	
of	O	O	O	O	
doors	O	O	O	O	
with	O	O	O	O	
a	O	O	O	O	
book	O	O	O	O	
,	O	O	O	O	
and	O	O	O	O	
that	O	O	O	O	
no	O	O	O	O	
mortal	O	O	O	O	
eye	O	O	O	O	
has	O	O	O	O	
ever	O	O	O	O	
yet	O	O	O	O	
seen	O	O	O	O	
me	O	O	O	O	
sew	O	O	O	O	
or	O	O	O	O	
cook	O	O	O	O	
.	O	O	O	O	

But	O	O	O	O	
why	O	O	O	O	
cook	O	O	O	O	
when	O	O	O	O	
you	O	O	O	O	
can	O	O	O	O	
get	O	O	O	O	
some	O	O	O	O	
one	O	O	O	O	
to	O	O	O	O	
cook	O	O	O	O	
for	O	O	O	O	
you	O	O	O	O	
?	O	O	O	O	

And	O	O	O	O	
as	O	O	O	O	
for	O	O	O	O	
sewing	O	O	O	O	
,	O	O	O	O	
the	B-PER	O	O	O	
maids	I-PER	O	O	O	
will	O	O	O	O	
hem	O	O	O	O	
the	O	O	O	O	
sheets	O	O	O	O	
better	O	O	O	O	
and	O	O	O	O	
quicker	O	O	O	O	
than	O	O	O	O	
I	O	O	O	O	
could	O	O	O	O	
,	O	O	O	O	
and	O	O	O	O	
all	O	O	O	O	
forms	O	O	O	O	
of	O	O	O	O	
needlework	O	O	O	O	
of	O	O	O	O	
the	O	O	O	O	
fancy	O	O	O	O	
order	O	O	O	O	
are	O	O	O	O	
inventions	O	O	O	O	
of	O	O	O	O	
the	B-PER	O	O	O	
evil	I-PER	O	O	O	
one	I-PER	O	O	O	
for	O	O	O	O	
keeping	O	O	O	O	
the	B-PER	O	O	O	
foolish	I-PER	O	O	O	
from	O	O	O	O	
applying	O	O	O	O	
their	O	O	O	O	
heart	O	O	O	O	
to	O	O	O	O	
wisdom	O	O	O	O	
.	O	O	O	O	

We	O	O	O	O	
had	O	O	O	O	
been	O	O	O	O	
married	O	O	O	O	
five	O	O	O	O	
years	O	O	O	O	
before	O	O	O	O	
it	O	O	O	O	
struck	O	O	O	O	
us	O	O	O	O	
that	O	O	O	O	
we	O	O	O	O	
might	O	O	O	O	
as	O	O	O	O	
well	O	O	O	O	
make	O	O	O	O	
use	O	O	O	O	
of	O	O	O	O	
this	B-FAC	O	O	O	
place	I-FAC	O	O	O	
by	O	O	O	O	
coming	O	O	O	O	
down	O	O	O	O	
and	O	O	O	O	
living	O	O	O	O	
in	O	O	O	O	
it	O	O	O	O	
.	O	O	O	O	

Those	O	O	O	O	
five	O	O	O	O	
years	O	O	O	O	
were	O	O	O	O	
spent	O	O	O	O	
in	O	B-FAC	O	O	
a	O	I-FAC	O	O	
flat	O	I-FAC	O	O	
in	O	I-FAC	O	O	
a	B-GPE	I-FAC	O	O	
town	I-GPE	I-FAC	O	O	
,	O	O	O	O	
and	O	O	O	O	
during	O	O	O	O	
their	O	O	O	O	
whole	O	O	O	O	
interminable	O	O	O	O	
length	O	O	O	O	
I	O	O	O	O	
was	O	O	O	O	
perfectly	O	O	O	O	
miserable	O	O	O	O	
and	O	O	O	O	
perfectly	O	O	O	O	
healthy	O	O	O	O	
,	O	O	O	O	
which	O	O	O	O	
disposes	O	O	O	O	
of	O	O	O	O	
the	O	O	O	O	
ugly	O	O	O	O	
notion	O	O	O	O	
that	O	O	O	O	
has	O	O	O	O	
at	O	O	O	O	
times	O	O	O	O	
disturbed	O	O	O	O	
me	O	O	O	O	
that	O	O	O	O	
my	O	O	O	O	
happiness	O	O	O	O	
here	B-FAC	O	O	O	
is	O	O	O	O	
less	O	O	O	O	
due	O	O	O	O	
to	O	O	O	O	
the	B-FAC	O	O	O	
garden	I-FAC	O	O	O	
than	O	O	O	O	
to	O	O	O	O	
a	O	O	O	O	
good	O	O	O	O	
digestion	O	O	O	O	
.	O	O	O	O	

And	O	O	O	O	
while	O	O	O	O	
we	O	O	O	O	
were	O	O	O	O	
wasting	O	O	O	O	
our	O	O	O	O	
lives	O	O	O	O	
there	B-FAC	O	O	O	
,	O	O	O	O	
here	B-FAC	O	O	O	
was	O	O	O	O	
this	B-FAC	O	O	O	
dear	I-FAC	O	O	O	
place	I-FAC	O	O	O	
with	O	O	O	O	
dandelions	O	O	O	O	
up	O	O	O	O	
to	O	O	O	O	
the	O	O	O	O	
very	O	O	O	O	
door	O	O	O	O	
,	O	O	O	O	
all	O	O	O	O	
the	O	O	O	O	
paths	O	O	O	O	
grass-grown	O	O	O	O	
and	O	O	O	O	
completely	O	O	O	O	
effaced	O	O	O	O	
,	O	O	O	O	
in	O	O	O	O	
winter	O	O	O	O	
so	O	O	O	O	
lonely	O	O	O	O	
,	O	O	O	O	
with	O	O	O	O	
nobody	B-PER	O	O	O	
but	I-PER	O	O	O	
the	I-PER	O	O	O	
north	I-PER	O	O	O	
wind	I-PER	O	O	O	
taking	O	O	O	O	
the	O	O	O	O	
least	O	O	O	O	
notice	O	O	O	O	
of	O	O	O	O	
it	O	O	O	O	
,	O	O	O	O	
and	O	O	O	O	
in	O	O	O	O	
May	O	O	O	O	
--	O	O	O	O	
in	O	O	O	O	
all	O	O	O	O	
those	O	O	O	O	
five	O	O	O	O	
lovely	O	O	O	O	
Mays	O	O	O	O	
--	O	O	O	O	
no	B-PER	O	O	O	
one	I-PER	O	O	O	
to	O	O	O	O	
look	O	O	O	O	
at	O	O	O	O	
the	O	O	O	O	
wonderful	O	O	O	O	
bird-cherries	O	O	O	O	
and	O	O	O	O	
still	O	O	O	O	
more	O	O	O	O	
wonderful	O	O	O	O	
masses	O	O	O	O	
of	O	O	O	O	
lilacs	O	O	O	O	
,	O	O	O	O	
everything	O	O	O	O	
glowing	O	O	O	O	
and	O	O	O	O	
blowing	O	O	O	O	
,	O	O	O	O	
the	O	O	O	O	
virginia	O	O	O	O	
creeper	O	O	O	O	
madder	O	O	O	O	
every	O	O	O	O	
year	O	O	O	O	
,	O	O	O	O	
until	O	O	O	O	
at	O	O	O	O	
last	O	O	O	O	
,	O	O	O	O	
in	O	O	O	O	
October	O	O	O	O	
,	O	O	O	O	
the	O	O	O	O	
very	O	O	O	O	
roof	O	O	O	O	
was	O	O	O	O	
wreathed	O	O	O	O	
with	O	O	O	O	
blood-red	O	O	O	O	
tresses	O	O	O	O	
,	O	O	O	O	
the	O	O	O	O	
owls	O	O	O	O	
and	O	O	O	O	
the	O	O	O	O	
squirrels	O	O	O	O	
and	O	O	O	O	
all	O	O	O	O	
the	O	O	O	O	
blessed	O	O	O	O	
little	O	O	O	O	
birds	O	O	O	O	
reigning	O	O	O	O	
supreme	O	O	O	O	
,	O	O	O	O	
and	O	O	O	O	
not	O	O	O	O	
a	O	O	O	O	
living	O	O	O	O	
creature	O	O	O	O	
ever	O	O	O	O	
entering	O	O	O	O	
the	B-FAC	O	O	O	
empty	I-FAC	O	O	O	
house	I-FAC	O	O	O	
except	O	O	O	O	
the	O	O	O	O	
snakes	O	O	O	O	
,	O	O	O	O	
which	O	O	O	O	
got	O	O	O	O	
into	O	O	O	O	
the	O	O	O	O	
habit	O	O	O	O	
during	O	O	O	O	
those	O	O	O	O	
silent	O	O	O	O	
years	O	O	O	O	
of	O	O	O	O	
wriggling	O	O	O	O	
up	O	O	O	O	
the	O	O	O	O	
south	O	O	O	O	
wall	O	O	O	O	
into	O	O	O	O	
the	B-FAC	O	O	O	
rooms	I-FAC	O	O	O	
on	I-FAC	O	O	O	
that	I-FAC	O	O	O	
side	I-FAC	O	O	O	
whenever	O	O	O	O	
the	B-PER	O	O	O	
old	I-PER	O	O	O	
housekeeper	I-PER	O	O	O	
opened	O	O	O	O	
the	O	O	O	O	
windows	O	O	O	O	
.	O	O	O	O	

All	O	O	O	O	
that	O	O	O	O	
was	O	O	O	O	
here	B-FAC	O	O	O	
,	O	O	O	O	
--	O	O	O	O	
peace	O	O	O	O	
,	O	O	O	O	
and	O	O	O	O	
happiness	O	O	O	O	
,	O	O	O	O	
and	O	O	O	O	
a	O	O	O	O	
reasonable	O	O	O	O	
life	O	O	O	O	
,	O	O	O	O	
--	O	O	O	O	
and	O	O	O	O	
yet	O	O	O	O	
it	O	O	O	O	
never	O	O	O	O	
struck	O	O	O	O	
me	O	O	O	O	
to	O	O	O	O	
come	O	O	O	O	
and	O	O	O	O	
live	O	O	O	O	
in	O	O	O	O	
it	O	O	O	O	
.	O	O	O	O	

Looking	O	O	O	O	
back	O	O	O	O	
I	O	O	O	O	
am	O	O	O	O	
astonished	O	O	O	O	
,	O	O	O	O	
and	O	O	O	O	
can	O	O	O	O	
in	O	O	O	O	
no	O	O	O	O	
way	O	O	O	O	
account	O	O	O	O	
for	O	O	O	O	
the	O	O	O	O	
tardiness	O	O	O	O	
of	O	O	O	O	
my	O	O	O	O	
discovery	O	O	O	O	
that	O	O	O	O	
here	B-FAC	O	O	O	
,	O	O	O	O	
in	O	O	O	O	
this	O	O	O	O	
far-away	O	O	O	O	
corner	O	O	O	O	
,	O	O	O	O	
was	O	O	O	O	
my	B-FAC	O	O	O	
kingdom	I-FAC	O	O	O	
of	I-FAC	O	O	O	
heaven	I-FAC	O	O	O	
.	O	O	O	O	

Indeed	O	O	O	O	
,	O	O	O	O	
so	O	O	O	O	
little	O	O	O	O	
did	O	O	O	O	
it	O	O	O	O	
enter	O	O	O	O	
my	O	O	O	O	
head	O	O	O	O	
to	O	O	O	O	
even	O	O	O	O	
use	O	O	O	O	
the	B-FAC	O	O	O	
place	I-FAC	O	O	O	
in	O	O	O	O	
summer	O	O	O	O	
,	O	O	O	O	
that	O	O	O	O	
I	O	O	O	O	
submitted	O	O	O	O	
to	O	O	O	O	
weeks	O	O	O	O	
of	O	O	O	O	
seaside	O	O	O	O	
life	O	O	O	O	
with	O	O	O	O	
all	O	O	O	O	
its	O	O	O	O	
horrors	O	O	O	O	
every	O	O	O	O	
year	O	O	O	O	
;	O	O	O	O	
until	O	O	O	O	
at	O	O	O	O	
last	O	O	O	O	
,	O	O	O	O	
in	O	O	O	O	
the	O	O	O	O	
early	O	O	O	O	
spring	O	O	O	O	
of	O	O	O	O	
last	O	O	O	O	
year	O	O	O	O	
,	O	O	O	O	
having	O	O	O	O	
come	O	O	O	O	
down	O	O	O	O	
for	O	O	O	O	
the	O	O	O	O	
opening	O	O	O	O	
of	O	O	O	O	
the	O	B-FAC	O	O	
village	B-GPE	I-FAC	O	O	
school	O	I-FAC	O	O	
,	O	O	O	O	
and	O	O	O	O	
wandering	O	O	O	O	
out	O	O	O	O	
afterwards	O	O	O	O	
into	O	O	O	O	
the	B-FAC	O	O	O	
bare	I-FAC	O	O	O	
and	I-FAC	O	O	O	
desolate	I-FAC	O	O	O	
garden	I-FAC	O	O	O	
,	O	O	O	O	
I	O	O	O	O	
do	O	O	O	O	
n’t	O	O	O	O	
know	O	O	O	O	
what	O	O	O	O	
smell	O	O	O	O	
of	O	O	O	O	
wet	O	O	O	O	
earth	O	O	O	O	
or	O	O	O	O	
rotting	O	O	O	O	
leaves	O	O	O	O	
brought	O	O	O	O	
back	O	O	O	O	
my	O	O	O	O	
childhood	O	O	O	O	
with	O	O	O	O	
a	O	O	O	O	
rush	O	O	O	O	
and	O	O	O	O	
all	O	O	O	O	
the	O	O	O	O	
happy	O	O	O	O	
days	O	O	O	O	
I	O	O	O	O	
had	O	O	O	O	
spent	O	O	O	O	
in	O	O	O	O	
a	B-FAC	O	O	O	
garden	I-FAC	O	O	O	
.	O	O	O	O	

Shall	O	O	O	O	
I	O	O	O	O	
ever	O	O	O	O	
forget	O	O	O	O	
that	O	O	O	O	
day	O	O	O	O	
?	O	O	O	O	

It	O	O	O	O	
was	O	O	O	O	
the	O	O	O	O	
beginning	O	O	O	O	
of	O	O	O	O	
my	O	O	O	O	
real	O	O	O	O	
life	O	O	O	O	
,	O	O	O	O	
my	O	O	O	O	
coming	O	O	O	O	
of	O	O	O	O	
age	O	O	O	O	
as	O	O	O	O	
it	O	O	O	O	
were	O	O	O	O	
,	O	O	O	O	
and	O	O	O	O	
entering	O	O	O	O	
into	O	O	O	O	
my	O	O	O	O	
kingdom	O	O	O	O	
.	O	O	O	O	

Early	O	O	O	O	
March	O	O	O	O	
,	O	O	O	O	
gray	O	O	O	O	
,	O	O	O	O	
quiet	O	O	O	O	
skies	O	O	O	O	
,	O	O	O	O	
and	O	O	O	O	
brown	B-LOC	O	O	O	
,	I-LOC	O	O	O	
quiet	I-LOC	O	O	O	
earth	I-LOC	O	O	O	
;	O	O	O	O	
leafless	O	O	O	O	
and	O	O	O	O	
sad	O	O	O	O	
and	O	O	O	O	
lonely	O	O	O	O	
enough	O	O	O	O	
out	O	O	O	O	
there	O	O	O	O	
in	O	O	O	O	
the	O	O	O	O	
damp	O	O	O	O	
and	O	O	O	O	
silence	O	O	O	O	
,	O	O	O	O	
yet	O	O	O	O	
there	O	O	O	O	
I	O	O	O	O	
stood	O	O	O	O	
feeling	O	O	O	O	
the	O	O	O	O	
same	O	O	O	O	
rapture	O	O	O	O	
of	O	O	O	O	
pure	O	O	O	O	
delight	O	O	O	O	
in	O	O	O	O	
the	O	O	O	O	
first	O	O	O	O	
breath	O	O	O	O	
of	O	O	O	O	
spring	O	O	O	O	
that	O	O	O	O	
I	O	O	O	O	
used	O	O	O	O	
to	O	O	O	O	
as	O	O	O	O	
a	B-PER	O	O	O	
child	I-PER	O	O	O	
,	O	O	O	O	
and	O	O	O	O	
the	O	O	O	O	
five	O	O	O	O	
wasted	O	O	O	O	
years	O	O	O	O	
fell	O	O	O	O	
from	O	O	O	O	
me	O	O	O	O	
like	O	O	O	O	
a	O	O	O	O	
cloak	O	O	O	O	
,	O	O	O	O	
and	O	O	O	O	
the	B-LOC	O	O	O	
world	I-LOC	O	O	O	
was	O	O	O	O	
full	O	O	O	O	
of	O	O	O	O	
hope	O	O	O	O	
,	O	O	O	O	
and	O	O	O	O	
I	O	O	O	O	
vowed	O	O	O	O	
myself	O	O	O	O	
then	O	O	O	O	
and	O	O	O	O	
there	O	O	O	O	
to	O	O	O	O	
nature	O	O	O	O	
,	O	O	O	O	
and	O	O	O	O	
have	O	O	O	O	
been	O	O	O	O	
happy	O	O	O	O	
ever	O	O	O	O	
since	O	O	O	O	
.	O	O	O	O	

My	O	O	O	O	
other	O	O	O	O	
half	O	O	O	O	
being	O	O	O	O	
indulgent	O	O	O	O	
,	O	O	O	O	
and	O	O	O	O	
with	O	O	O	O	
some	O	O	O	O	
faint	O	O	O	O	
thought	O	O	O	O	
perhaps	O	O	O	O	
that	O	O	O	O	
it	O	O	O	O	
might	O	O	O	O	
be	O	O	O	O	
as	O	O	O	O	
well	O	O	O	O	
to	O	O	O	O	
look	O	O	O	O	
after	O	O	O	O	
the	B-FAC	O	O	O	
place	I-FAC	O	O	O	
,	O	O	O	O	
consented	O	O	O	O	
to	O	O	O	O	
live	O	O	O	O	
in	O	O	O	O	
it	O	O	O	O	
at	O	O	O	O	
any	O	O	O	O	
rate	O	O	O	O	
for	O	O	O	O	
a	O	O	O	O	
time	O	O	O	O	
;	O	O	O	O	
whereupon	O	O	O	O	
followed	O	O	O	O	
six	O	O	O	O	
specially	O	O	O	O	
blissful	O	O	O	O	
weeks	O	O	O	O	
from	O	O	O	O	
the	O	O	O	O	
end	O	O	O	O	
of	O	O	O	O	
April	O	O	O	O	
into	O	O	O	O	
June	O	O	O	O	
,	O	O	O	O	
during	O	O	O	O	
which	O	O	O	O	
I	O	O	O	O	
was	O	O	O	O	
here	B-FAC	O	O	O	
alone	O	O	O	O	
,	O	O	O	O	
supposed	O	O	O	O	
to	O	O	O	O	
be	O	O	O	O	
superintending	O	O	O	O	
the	O	O	O	O	
painting	O	O	O	O	
and	O	O	O	O	
papering	O	O	O	O	
,	O	O	O	O	
but	O	O	O	O	
as	O	O	O	O	
a	O	O	O	O	
matter	O	O	O	O	
of	O	O	O	O	
fact	O	O	O	O	
only	O	O	O	O	
going	O	O	O	O	
into	O	O	O	O	
the	B-FAC	O	O	O	
house	I-FAC	O	O	O	
when	O	O	O	O	
the	B-PER	O	O	O	
workmen	I-PER	O	O	O	
had	O	O	O	O	
gone	O	O	O	O	
out	O	O	O	O	
of	O	O	O	O	
it	O	O	O	O	
.	O	O	O	O	

How	O	O	O	O	
happy	O	O	O	O	
I	O	O	O	O	
was	O	O	O	O	
!	O	O	O	O	

I	O	O	O	O	
do	O	O	O	O	
n’t	O	O	O	O	
remember	O	O	O	O	
any	O	O	O	O	
time	O	O	O	O	
quite	O	O	O	O	
so	O	O	O	O	
perfect	O	O	O	O	
since	O	O	O	O	
the	O	O	O	O	
days	O	O	O	O	
when	O	O	O	O	
I	O	O	O	O	
was	O	O	O	O	
too	O	O	O	O	
little	O	O	O	O	
to	O	O	O	O	
do	O	O	O	O	
lessons	O	O	O	O	
and	O	O	O	O	
was	O	O	O	O	
turned	O	O	O	O	
out	O	O	O	O	
with	O	O	O	O	
sugar	O	O	O	O	
on	O	O	O	O	
my	O	O	O	O	
eleven	O	O	O	O	
o’clock	O	O	O	O	
bread	O	O	O	O	
and	O	O	O	O	
butter	O	O	O	O	
on	O	O	O	O	
to	O	O	O	O	
a	B-FAC	O	O	O	
lawn	I-FAC	O	O	O	
closely	I-FAC	O	O	O	
strewn	I-FAC	O	O	O	
with	I-FAC	O	O	O	
dandelions	I-FAC	O	O	O	
and	I-FAC	O	O	O	
daisies	I-FAC	O	O	O	
.	O	O	O	O	

The	O	O	O	O	
sugar	O	O	O	O	
on	O	O	O	O	
the	O	O	O	O	
bread	O	O	O	O	
and	O	O	O	O	
butter	O	O	O	O	
has	O	O	O	O	
lost	O	O	O	O	
its	O	O	O	O	
charm	O	O	O	O	
,	O	O	O	O	
but	O	O	O	O	
I	O	O	O	O	
love	O	O	O	O	
the	O	O	O	O	
dandelions	O	O	O	O	
and	O	O	O	O	
daisies	O	O	O	O	
even	O	O	O	O	
more	O	O	O	O	
passionately	O	O	O	O	
now	O	O	O	O	
than	O	O	O	O	
then	O	O	O	O	
,	O	O	O	O	
and	O	O	O	O	
never	O	O	O	O	
would	O	O	O	O	
endure	O	O	O	O	
to	O	O	O	O	
see	O	O	O	O	
them	O	O	O	O	
all	O	O	O	O	
mown	O	O	O	O	
away	O	O	O	O	
if	O	O	O	O	
I	O	O	O	O	
were	O	O	O	O	
not	O	O	O	O	
certain	O	O	O	O	
that	O	O	O	O	
in	O	O	O	O	
a	O	O	O	O	
day	O	O	O	O	
or	O	O	O	O	
two	O	O	O	O	
they	O	O	O	O	
would	O	O	O	O	
be	O	O	O	O	
pushing	O	O	O	O	
up	O	O	O	O	
their	O	O	O	O	
little	O	O	O	O	
faces	O	O	O	O	
again	O	O	O	O	
as	O	O	O	O	
jauntily	O	O	O	O	
as	O	O	O	O	
ever	O	O	O	O	
.	O	O	O	O	

During	O	O	O	O	
those	O	O	O	O	
six	O	O	O	O	
weeks	O	O	O	O	
I	O	O	O	O	
lived	O	O	O	O	
in	O	O	O	O	
a	O	O	O	O	
world	O	O	O	O	
of	O	O	O	O	
dandelions	O	O	O	O	
and	O	O	O	O	
delights	O	O	O	O	
.	O	O	O	O	

The	O	O	O	O	
dandelions	O	O	O	O	
carpeted	O	O	O	O	
the	O	O	O	O	
three	O	O	O	O	
lawns	O	O	O	O	
,	O	O	O	O	
--	O	O	O	O	
they	O	O	O	O	
used	O	O	O	O	
to	O	O	O	O	
be	O	O	O	O	
lawns	O	O	O	O	
,	O	O	O	O	
but	O	O	O	O	
have	O	O	O	O	
long	O	O	O	O	
since	O	O	O	O	
blossomed	O	O	O	O	
out	O	O	O	O	
into	O	O	O	O	
meadows	O	O	O	O	
filled	O	O	O	O	
with	O	O	O	O	
every	O	O	O	O	
sort	O	O	O	O	
of	O	O	O	O	
pretty	O	O	O	O	
weed	O	O	O	O	
,	O	O	O	O	
--	O	O	O	O	
and	O	O	O	O	
under	O	O	O	O	
and	O	O	O	O	
among	O	O	O	O	
the	O	O	O	O	
groups	O	O	O	O	
of	O	O	O	O	
leafless	O	O	O	O	
oaks	O	O	O	O	
and	O	O	O	O	
beeches	O	O	O	O	
were	O	O	O	O	
blue	O	O	O	O	
hepaticas	O	O	O	O	
,	O	O	O	O	
white	O	O	O	O	
anemones	O	O	O	O	
,	O	O	O	O	
violets	O	O	O	O	
,	O	O	O	O	
and	O	O	O	O	
celandines	O	O	O	O	
in	O	O	O	O	
sheets	O	O	O	O	
.	O	O	O	O	

The	O	O	O	O	
celandines	O	O	O	O	
in	O	O	O	O	
particular	O	O	O	O	
delighted	O	O	O	O	
me	O	O	O	O	
with	O	O	O	O	
their	O	O	O	O	
clean	O	O	O	O	
,	O	O	O	O	
happy	O	O	O	O	
brightness	O	O	O	O	
,	O	O	O	O	
so	O	O	O	O	
beautifully	O	O	O	O	
trim	O	O	O	O	
and	O	O	O	O	
newly	O	O	O	O	
varnished	O	O	O	O	
,	O	O	O	O	
as	O	O	O	O	
though	O	O	O	O	
they	O	O	O	O	
too	O	O	O	O	
had	O	O	O	O	
had	O	O	O	O	
the	B-PER	O	O	O	
painters	I-PER	O	O	O	
at	O	O	O	O	
work	O	O	O	O	
on	O	O	O	O	
them	O	O	O	O	
.	O	O	O	O	

Then	O	O	O	O	
,	O	O	O	O	
when	O	O	O	O	
the	O	O	O	O	
anemones	O	O	O	O	
went	O	O	O	O	
,	O	O	O	O	
came	O	O	O	O	
a	O	O	O	O	
few	O	O	O	O	
stray	O	O	O	O	
periwinkles	O	O	O	O	
and	O	O	O	O	
Solomon	O	O	O	O	
’s	O	O	O	O	
Seal	O	O	O	O	
,	O	O	O	O	
and	O	O	O	O	
all	O	O	O	O	
the	O	O	O	O	
birdcherries	O	O	O	O	
blossomed	O	O	O	O	
in	O	O	O	O	
a	O	O	O	O	
burst	O	O	O	O	
.	O	O	O	O	

And	O	O	O	O	
then	O	O	O	O	
,	O	O	O	O	
before	O	O	O	O	
I	O	O	O	O	
had	O	O	O	O	
a	O	O	O	O	
little	O	O	O	O	
got	O	O	O	O	
used	O	O	O	O	
to	O	O	O	O	
the	O	O	O	O	
joy	O	O	O	O	
of	O	O	O	O	
their	O	O	O	O	
flowers	O	O	O	O	
against	O	O	O	O	
the	O	O	O	O	
sky	O	O	O	O	
,	O	O	O	O	
came	O	O	O	O	
the	O	O	O	O	
lilacs	O	O	O	O	
--	O	O	O	O	
masses	O	O	O	O	
and	O	O	O	O	
masses	O	O	O	O	
of	O	O	O	O	
them	O	O	O	O	
,	O	O	O	O	
in	O	O	O	O	
clumps	O	O	O	O	
on	O	O	O	O	
the	O	O	O	O	
grass	O	O	O	O	
,	O	O	O	O	
with	O	O	O	O	
other	O	O	O	O	
shrubs	O	O	O	O	
and	O	O	O	O	
trees	O	O	O	O	
by	O	O	O	O	
the	O	O	O	O	
side	O	O	O	O	
of	O	O	O	O	
walks	O	O	O	O	
,	O	O	O	O	
and	O	O	O	O	
one	O	O	O	O	
great	O	O	O	O	
continuous	O	O	O	O	
bank	O	O	O	O	
of	O	O	O	O	
them	O	O	O	O	
half	O	O	O	O	
a	O	O	O	O	
mile	O	O	O	O	
long	O	O	O	O	
right	O	O	O	O	
past	O	O	O	O	
the	O	O	O	O	
west	O	O	O	O	
front	O	O	O	O	
of	O	O	O	O	
the	B-FAC	O	O	O	
house	I-FAC	O	O	O	
,	O	O	O	O	
away	O	O	O	O	
down	O	O	O	O	
as	O	O	O	O	
far	O	O	O	O	
as	O	O	O	O	
one	O	O	O	O	
could	O	O	O	O	
see	O	O	O	O	
,	O	O	O	O	
shining	O	O	O	O	
glorious	O	O	O	O	
against	O	O	O	O	
a	O	O	O	O	
background	O	O	O	O	
of	O	O	O	O	
firs	O	O	O	O	
.	O	O	O	O	

When	O	O	O	O	
that	O	O	O	O	
time	O	O	O	O	
came	O	O	O	O	
,	O	O	O	O	
and	O	O	O	O	
when	O	O	O	O	
,	O	O	O	O	
before	O	O	O	O	
it	O	O	O	O	
was	O	O	O	O	
over	O	O	O	O	
,	O	O	O	O	
the	O	O	O	O	
acacias	O	O	O	O	
all	O	O	O	O	
blossomed	O	O	O	O	
too	O	O	O	O	
,	O	O	O	O	
and	O	O	O	O	
four	O	O	O	O	
great	O	O	O	O	
clumps	O	O	O	O	
of	O	O	O	O	
pale	O	O	O	O	
,	O	O	O	O	
silvery-pink	O	O	O	O	
peonies	O	O	O	O	
flowered	O	O	O	O	
under	O	O	O	O	
the	O	O	O	O	
south	O	O	O	O	
windows	O	O	O	O	
,	O	O	O	O	
I	O	O	O	O	
felt	O	O	O	O	
so	O	O	O	O	
absolutely	O	O	O	O	
happy	O	O	O	O	
,	O	O	O	O	
and	O	O	O	O	
blest	O	O	O	O	
,	O	O	O	O	
and	O	O	O	O	
thankful	O	O	O	O	
,	O	O	O	O	
and	O	O	O	O	
grateful	O	O	O	O	
,	O	O	O	O	
that	O	O	O	O	
I	O	O	O	O	
really	O	O	O	O	
can	O	O	O	O	
not	O	O	O	O	
describe	O	O	O	O	
it	O	O	O	O	
.	O	O	O	O	

My	O	O	O	O	
days	O	O	O	O	
seemed	O	O	O	O	
to	O	O	O	O	
melt	O	O	O	O	
away	O	O	O	O	
in	O	O	O	O	
a	O	O	O	O	
dream	O	O	O	O	
of	O	O	O	O	
pink	O	O	O	O	
and	O	O	O	O	
purple	O	O	O	O	
peace	O	O	O	O	
.	O	O	O	O	

