FOUND	O	O	O	O	
AMONG	O	O	O	O	
THE	O	O	O	O	
PAPERS	O	O	O	O	
OF	O	O	O	O	
THE	B-PER	O	O	O	
LATE	I-PER	O	O	O	
DIEDRICH	B-PER	O	O	O	
KNICKERBOCKER	I-PER	O	O	O	
.	O	O	O	O	

A	B-LOC	O	O	O	
pleasing	I-LOC	O	O	O	
land	I-LOC	O	O	O	
of	I-LOC	O	O	O	
drowsy	I-LOC	O	O	O	
head	I-LOC	O	O	O	
it	O	O	O	O	
was	O	O	O	O	
,	O	O	O	O	
Of	O	O	O	O	
dreams	O	O	O	O	
that	O	O	O	O	
wave	O	O	O	O	
before	O	O	O	O	
the	O	O	O	O	
half-shut	O	O	O	O	
eye	O	O	O	O	
;	O	O	O	O	
And	O	O	O	O	
of	O	O	O	O	
gay	O	O	O	O	
castles	O	O	O	O	
in	O	O	O	O	
the	O	O	O	O	
clouds	O	O	O	O	
that	O	O	O	O	
pass	O	O	O	O	
,	O	O	O	O	
Forever	O	O	O	O	
flushing	O	O	O	O	
round	O	O	O	O	
a	O	O	O	O	
summer	O	O	O	O	
sky	O	O	O	O	
.	O	O	O	O	

CASTLE	B-FAC	O	O	O	
OF	I-FAC	O	O	O	
INDOLENCE	I-FAC	O	O	O	
.	O	O	O	O	

In	O	O	O	O	
the	O	O	O	O	
bosom	O	O	O	O	
of	O	O	O	O	
one	O	O	B-LOC	O	
of	O	O	I-LOC	O	
those	O	O	I-LOC	O	
spacious	O	O	I-LOC	O	
coves	O	O	I-LOC	O	
which	O	O	I-LOC	O	
indent	O	O	I-LOC	O	
the	O	B-LOC	I-LOC	O	
eastern	O	I-LOC	I-LOC	O	
shore	O	I-LOC	I-LOC	O	
of	O	I-LOC	I-LOC	O	
the	B-LOC	I-LOC	I-LOC	O	
Hudson	I-LOC	I-LOC	I-LOC	O	
,	O	O	O	O	
at	O	O	O	O	
that	O	O	O	O	
broad	O	O	O	O	
expansion	O	O	O	O	
of	O	O	O	O	
the	O	B-LOC	O	O	
river	O	I-LOC	O	O	
denominated	O	I-LOC	O	O	
by	O	I-LOC	O	O	
the	B-PER	I-LOC	O	O	
ancient	I-PER	I-LOC	O	O	
Dutch	I-PER	I-LOC	O	O	
navigators	I-PER	I-LOC	O	O	
the	B-LOC	I-LOC	O	O	
Tappan	I-LOC	I-LOC	O	O	
Zee	I-LOC	I-LOC	O	O	
,	O	O	O	O	
and	O	O	O	O	
where	O	O	O	O	
they	O	O	O	O	
always	O	O	O	O	
prudently	O	O	O	O	
shortened	O	O	O	O	
sail	O	O	O	O	
and	O	O	O	O	
implored	O	O	O	O	
the	O	O	O	O	
protection	O	O	O	O	
of	O	O	O	O	
St.	B-PER	B-PER	O	O	
Nicholas	O	I-PER	O	O	
when	O	O	O	O	
they	O	O	O	O	
crossed	O	O	O	O	
,	O	O	O	O	
there	O	O	O	O	
lies	O	O	O	O	
a	B-GPE	O	O	O	
small	I-GPE	O	O	O	
market	I-GPE	O	O	O	
town	I-GPE	O	O	O	
or	O	O	O	O	
rural	B-GPE	O	O	O	
port	I-GPE	O	O	O	
,	O	O	O	O	
which	O	O	O	O	
by	O	O	O	O	
some	O	O	O	O	
is	O	O	O	O	
called	O	O	O	O	
Greensburgh	B-GPE	O	O	O	
,	O	O	O	O	
but	O	O	O	O	
which	O	O	O	O	
is	O	O	O	O	
more	O	O	O	O	
generally	O	O	O	O	
and	O	O	O	O	
properly	O	O	O	O	
known	O	O	O	O	
by	O	O	O	O	
the	O	O	O	O	
name	O	O	O	O	
of	O	O	O	O	
Tarry	B-GPE	O	O	O	
Town	I-GPE	O	O	O	
.	O	O	O	O	

This	O	O	O	O	
name	O	O	O	O	
was	O	O	O	O	
given	O	O	O	O	
,	O	O	O	O	
we	O	O	O	O	
are	O	O	O	O	
told	O	O	O	O	
,	O	O	O	O	
in	O	O	O	O	
former	O	O	O	O	
days	O	O	O	O	
,	O	O	O	O	
by	O	O	O	O	
the	O	B-PER	O	O	
good	O	I-PER	O	O	
housewives	O	I-PER	O	O	
of	O	I-PER	O	O	
the	B-LOC	I-PER	O	O	
adjacent	I-LOC	I-PER	O	O	
country	I-LOC	I-PER	O	O	
,	O	O	O	O	
from	O	O	O	O	
the	O	O	O	O	
inveterate	O	O	O	O	
propensity	O	O	O	O	
of	O	O	O	O	
their	B-PER	O	O	O	
husbands	I-PER	O	O	O	
to	O	O	O	O	
linger	O	O	O	O	
about	O	O	O	O	
the	O	B-FAC	O	O	
village	B-GPE	I-FAC	O	O	
tavern	O	I-FAC	O	O	
on	O	O	O	O	
market	O	O	O	O	
days	O	O	O	O	
.	O	O	O	O	

Be	O	O	O	O	
that	O	O	O	O	
as	O	O	O	O	
it	O	O	O	O	
may	O	O	O	O	
,	O	O	O	O	
I	O	O	O	O	
do	O	O	O	O	
not	O	O	O	O	
vouch	O	O	O	O	
for	O	O	O	O	
the	O	O	O	O	
fact	O	O	O	O	
,	O	O	O	O	
but	O	O	O	O	
merely	O	O	O	O	
advert	O	O	O	O	
to	O	O	O	O	
it	O	O	O	O	
,	O	O	O	O	
for	O	O	O	O	
the	O	O	O	O	
sake	O	O	O	O	
of	O	O	O	O	
being	O	O	O	O	
precise	O	O	O	O	
and	O	O	O	O	
authentic	O	O	O	O	
.	O	O	O	O	

Not	O	O	O	O	
far	O	O	O	O	
from	O	O	O	O	
this	B-GPE	O	O	O	
village	I-GPE	O	O	O	
,	O	O	O	O	
perhaps	O	O	O	O	
about	O	O	O	O	
two	O	O	O	O	
miles	O	O	O	O	
,	O	O	O	O	
there	O	O	O	O	
is	O	O	O	O	
a	B-LOC	O	O	O	
little	I-LOC	O	O	O	
valley	I-LOC	O	O	O	
or	O	O	O	O	
rather	O	O	O	O	
lap	O	B-LOC	O	O	
of	O	I-LOC	O	O	
land	O	I-LOC	O	O	
among	O	I-LOC	O	O	
high	B-LOC	I-LOC	O	O	
hills	I-LOC	I-LOC	O	O	
,	O	O	O	O	
which	O	O	O	O	
is	O	O	O	O	
one	O	B-LOC	O	O	
of	O	I-LOC	O	O	
the	O	I-LOC	O	O	
quietest	O	I-LOC	O	O	
places	O	I-LOC	O	O	
in	O	I-LOC	O	O	
the	B-LOC	I-LOC	O	O	
whole	I-LOC	I-LOC	O	O	
world	I-LOC	I-LOC	O	O	
.	O	O	O	O	

A	B-LOC	O	O	O	
small	I-LOC	O	O	O	
brook	I-LOC	O	O	O	
glides	O	O	O	O	
through	O	O	O	O	
it	O	O	O	O	
,	O	O	O	O	
with	O	O	O	O	
just	O	O	O	O	
murmur	O	O	O	O	
enough	O	O	O	O	
to	O	O	O	O	
lull	O	O	O	O	
one	O	O	O	O	
to	O	O	O	O	
repose	O	O	O	O	
;	O	O	O	O	
and	O	O	O	O	
the	O	O	O	O	
occasional	O	O	O	O	
whistle	O	O	O	O	
of	O	O	O	O	
a	O	O	O	O	
quail	O	O	O	O	
or	O	O	O	O	
tapping	O	O	O	O	
of	O	O	O	O	
a	O	O	O	O	
woodpecker	O	O	O	O	
is	O	O	O	O	
almost	O	O	O	O	
the	O	O	O	O	
only	O	O	O	O	
sound	O	O	O	O	
that	O	O	O	O	
ever	O	O	O	O	
breaks	O	O	O	O	
in	O	O	O	O	
upon	O	O	O	O	
the	O	O	O	O	
uniform	O	O	O	O	
tranquillity	O	O	O	O	
.	O	O	O	O	

I	O	O	O	O	
recollect	O	O	O	O	
that	O	O	O	O	
,	O	O	O	O	
when	O	O	O	O	
a	B-PER	O	O	O	
stripling	I-PER	O	O	O	
,	O	O	O	O	
my	O	O	O	O	
first	O	O	O	O	
exploit	O	O	O	O	
in	O	O	O	O	
squirrel-shooting	O	O	O	O	
was	O	O	O	O	
in	O	O	O	O	
a	O	O	B-LOC	O	
grove	O	O	I-LOC	O	
of	O	O	I-LOC	O	
tall	O	O	I-LOC	O	
walnut-trees	O	O	I-LOC	O	
that	O	O	I-LOC	O	
shades	O	O	I-LOC	O	
one	O	B-LOC	I-LOC	O	
side	O	I-LOC	I-LOC	O	
of	O	I-LOC	I-LOC	O	
the	B-LOC	I-LOC	I-LOC	O	
valley	I-LOC	I-LOC	I-LOC	O	
.	O	O	O	O	

I	O	O	O	O	
had	O	O	O	O	
wandered	O	O	O	O	
into	O	O	O	O	
it	O	O	O	O	
at	O	O	O	O	
noontime	O	O	O	O	
,	O	O	O	O	
when	O	O	O	O	
all	O	O	O	O	
nature	O	O	O	O	
is	O	O	O	O	
peculiarly	O	O	O	O	
quiet	O	O	O	O	
,	O	O	O	O	
and	O	O	O	O	
was	O	O	O	O	
startled	O	O	O	O	
by	O	O	O	O	
the	O	O	O	O	
roar	O	O	O	O	
of	O	O	O	O	
my	O	O	O	O	
own	O	O	O	O	
gun	O	O	O	O	
,	O	O	O	O	
as	O	O	O	O	
it	O	O	O	O	
broke	O	O	O	O	
the	O	O	O	O	
Sabbath	O	O	O	O	
stillness	O	O	O	O	
around	O	O	O	O	
and	O	O	O	O	
was	O	O	O	O	
prolonged	O	O	O	O	
and	O	O	O	O	
reverberated	O	O	O	O	
by	O	O	O	O	
the	O	O	O	O	
angry	O	O	O	O	
echoes	O	O	O	O	
.	O	O	O	O	

If	O	O	O	O	
ever	O	O	O	O	
I	O	O	O	O	
should	O	O	O	O	
wish	O	O	O	O	
for	O	O	O	O	
a	O	O	O	O	
retreat	O	O	O	O	
whither	O	O	O	O	
I	O	O	O	O	
might	O	O	O	O	
steal	O	O	O	O	
from	O	O	O	O	
the	B-LOC	O	O	O	
world	I-LOC	O	O	O	
and	O	O	O	O	
its	O	O	O	O	
distractions	O	O	O	O	
,	O	O	O	O	
and	O	O	O	O	
dream	O	O	O	O	
quietly	O	O	O	O	
away	O	O	O	O	
the	O	O	O	O	
remnant	O	O	O	O	
of	O	O	O	O	
a	O	O	O	O	
troubled	O	O	O	O	
life	O	O	O	O	
,	O	O	O	O	
I	O	O	O	O	
know	O	O	O	O	
of	O	O	O	O	
none	O	O	O	O	
more	O	O	O	O	
promising	O	O	O	O	
than	O	O	O	O	
this	B-LOC	O	O	O	
little	I-LOC	O	O	O	
valley	I-LOC	O	O	O	
.	O	O	O	O	

From	O	O	O	O	
the	O	O	O	O	
listless	O	O	O	O	
repose	O	O	O	O	
of	O	O	O	O	
the	B-LOC	O	O	O	
place	I-LOC	O	O	O	
,	O	O	O	O	
and	O	O	O	O	
the	O	O	O	O	
peculiar	O	O	O	O	
character	O	O	O	O	
of	O	O	O	O	
its	O	O	B-PER	O	
inhabitants	O	O	I-PER	O	
,	O	O	I-PER	O	
who	O	O	I-PER	O	
are	O	O	I-PER	O	
descendants	O	B-PER	I-PER	O	
from	O	I-PER	I-PER	O	
the	B-PER	I-PER	I-PER	O	
original	I-PER	I-PER	I-PER	O	
Dutch	I-PER	I-PER	I-PER	O	
settlers	I-PER	I-PER	I-PER	O	
,	O	O	O	O	
this	B-LOC	O	O	O	
sequestered	I-LOC	O	O	O	
glen	I-LOC	O	O	O	
has	O	O	O	O	
long	O	O	O	O	
been	O	O	O	O	
known	O	O	O	O	
by	O	O	O	O	
the	O	O	O	O	
name	O	O	O	O	
of	O	O	O	O	
SLEEPY	B-LOC	O	O	O	
HOLLOW	I-LOC	O	O	O	
,	O	O	O	O	
and	O	O	O	O	
its	B-PER	O	O	O	
rustic	I-PER	O	O	O	
lads	I-PER	O	O	O	
are	O	O	O	O	
called	O	O	O	O	
the	B-PER	O	O	O	
Sleepy	I-PER	O	O	O	
Hollow	I-PER	O	O	O	
Boys	I-PER	O	O	O	
throughout	O	O	O	O	
all	B-LOC	O	O	O	
the	I-LOC	O	O	O	
neighboring	I-LOC	O	O	O	
country	I-LOC	O	O	O	
.	O	O	O	O	

A	O	O	O	O	
drowsy	O	O	O	O	
,	O	O	O	O	
dreamy	O	O	O	O	
influence	O	O	O	O	
seems	O	O	O	O	
to	O	O	O	O	
hang	O	O	O	O	
over	O	O	O	O	
the	O	O	O	O	
land	O	O	O	O	
,	O	O	O	O	
and	O	O	O	O	
to	O	O	O	O	
pervade	O	O	O	O	
the	O	O	O	O	
very	O	O	O	O	
atmosphere	O	O	O	O	
.	O	O	O	O	

Some	O	O	O	O	
say	O	O	O	O	
that	O	O	O	O	
the	B-LOC	O	O	O	
place	I-LOC	O	O	O	
was	O	O	O	O	
bewitched	O	O	O	O	
by	O	O	O	O	
a	B-PER	O	O	O	
High	I-PER	O	O	O	
German	I-PER	O	O	O	
doctor	I-PER	O	O	O	
,	O	O	O	O	
during	O	O	O	O	
the	O	O	O	O	
early	O	O	O	O	
days	O	O	O	O	
of	O	O	O	O	
the	O	O	O	O	
settlement	O	O	O	O	
;	O	O	O	O	
others	O	O	O	O	
,	O	O	O	O	
that	O	O	O	O	
an	B-PER	O	O	O	
old	I-PER	O	O	O	
Indian	I-PER	O	O	O	
chief	I-PER	O	O	O	
,	O	O	O	O	
the	O	B-PER	O	O	
prophet	O	I-PER	O	O	
or	O	I-PER	O	O	
wizard	O	I-PER	O	O	
of	O	I-PER	O	O	
his	B-PER	I-PER	O	O	
tribe	I-PER	I-PER	O	O	
,	O	O	O	O	
held	O	O	O	O	
his	O	O	O	O	
powwows	O	O	O	O	
there	O	O	O	O	
before	O	O	O	O	
the	B-LOC	O	O	O	
country	I-LOC	O	O	O	
was	O	O	O	O	
discovered	O	O	O	O	
by	O	O	O	O	
Master	B-PER	B-PER	O	O	
Hendrick	O	I-PER	O	O	
Hudson	O	I-PER	O	O	
.	O	O	O	O	

Certain	O	O	O	O	
it	O	O	O	O	
is	O	O	O	O	
,	O	O	O	O	
the	B-LOC	O	O	O	
place	I-LOC	O	O	O	
still	O	O	O	O	
continues	O	O	O	O	
under	O	O	O	O	
the	O	O	O	O	
sway	O	O	O	O	
of	O	O	O	O	
some	O	O	O	O	
witching	O	O	O	O	
power	O	O	O	O	
,	O	O	O	O	
that	O	O	O	O	
holds	O	O	O	O	
a	O	O	O	O	
spell	O	O	O	O	
over	O	O	O	O	
the	O	O	O	O	
minds	O	O	O	O	
of	O	O	O	O	
the	B-PER	O	O	O	
good	I-PER	O	O	O	
people	I-PER	O	O	O	
,	O	O	O	O	
causing	O	O	O	O	
them	O	O	O	O	
to	O	O	O	O	
walk	O	O	O	O	
in	O	O	O	O	
a	O	O	O	O	
continual	O	O	O	O	
reverie	O	O	O	O	
.	O	O	O	O	

They	O	O	O	O	
are	O	O	O	O	
given	O	O	O	O	
to	O	O	O	O	
all	O	O	O	O	
kinds	O	O	O	O	
of	O	O	O	O	
marvellous	O	O	O	O	
beliefs	O	O	O	O	
,	O	O	O	O	
are	O	O	O	O	
subject	O	O	O	O	
to	O	O	O	O	
trances	O	O	O	O	
and	O	O	O	O	
visions	O	O	O	O	
,	O	O	O	O	
and	O	O	O	O	
frequently	O	O	O	O	
see	O	O	O	O	
strange	O	O	O	O	
sights	O	O	O	O	
,	O	O	O	O	
and	O	O	O	O	
hear	O	O	O	O	
music	O	O	O	O	
and	O	O	O	O	
voices	O	O	O	O	
in	O	O	O	O	
the	O	O	O	O	
air	O	O	O	O	
.	O	O	O	O	

The	B-FAC	O	O	O	
whole	I-FAC	O	O	O	
neighborhood	I-FAC	O	O	O	
abounds	O	O	O	O	
with	O	O	O	O	
local	O	O	O	O	
tales	O	O	O	O	
,	O	O	O	O	
haunted	B-LOC	O	O	O	
spots	I-LOC	O	O	O	
,	O	O	O	O	
and	O	O	O	O	
twilight	O	O	O	O	
superstitions	O	O	O	O	
;	O	O	O	O	
stars	O	O	O	O	
shoot	O	O	O	O	
and	O	O	O	O	
meteors	O	O	O	O	
glare	O	O	O	O	
oftener	O	O	O	O	
across	O	O	O	O	
the	B-LOC	O	O	O	
valley	I-LOC	O	O	O	
than	O	O	O	O	
in	O	O	O	O	
any	O	B-LOC	O	O	
other	O	I-LOC	O	O	
part	O	I-LOC	O	O	
of	O	I-LOC	O	O	
the	B-LOC	I-LOC	O	O	
country	I-LOC	I-LOC	O	O	
,	O	O	O	O	
and	O	O	O	O	
the	O	O	O	O	
nightmare	O	O	O	O	
,	O	O	O	O	
with	O	O	O	O	
her	O	O	O	O	
whole	O	O	O	O	
ninefold	O	O	O	O	
,	O	O	O	O	
seems	O	O	O	O	
to	O	O	O	O	
make	O	O	O	O	
it	O	O	O	O	
the	O	O	O	O	
favorite	O	O	O	O	
scene	O	O	O	O	
of	O	O	O	O	
her	O	O	O	O	
gambols	O	O	O	O	
.	O	O	O	O	

The	O	O	O	O	
dominant	O	O	O	O	
spirit	O	O	O	O	
,	O	O	O	O	
however	O	O	O	O	
,	O	O	O	O	
that	O	O	O	O	
haunts	O	O	O	O	
this	O	O	O	O	
enchanted	O	O	O	O	
region	O	O	O	O	
,	O	O	O	O	
and	O	O	O	O	
seems	O	O	O	O	
to	O	O	O	O	
be	O	O	O	O	
commander-in-chief	O	O	O	O	
of	O	O	O	O	
all	O	O	O	O	
the	O	O	O	O	
powers	O	O	O	O	
of	O	O	O	O	
the	O	O	O	O	
air	O	O	O	O	
,	O	O	O	O	
is	O	O	O	O	
the	O	O	O	O	
apparition	O	O	O	O	
of	O	O	O	O	
a	B-PER	O	O	O	
figure	I-PER	O	O	O	
on	I-PER	O	O	O	
horseback	I-PER	O	O	O	
,	I-PER	O	O	O	
without	I-PER	O	O	O	
a	I-PER	O	O	O	
head	I-PER	O	O	O	
.	O	O	O	O	

It	O	O	O	O	
is	O	O	O	O	
said	O	O	O	O	
by	O	O	O	O	
some	O	O	O	O	
to	O	O	O	O	
be	O	O	O	O	
the	O	O	O	O	
ghost	O	O	O	O	
of	O	O	O	O	
a	O	B-PER	O	O	
Hessian	O	I-PER	O	O	
trooper	O	I-PER	O	O	
,	O	I-PER	O	O	
whose	O	I-PER	O	O	
head	O	I-PER	O	O	
had	O	I-PER	O	O	
been	O	I-PER	O	O	
carried	O	I-PER	O	O	
away	O	I-PER	O	O	
by	O	I-PER	O	O	
a	O	I-PER	O	O	
cannon-ball	O	I-PER	O	O	
,	O	I-PER	O	O	
in	O	I-PER	O	O	
some	O	I-PER	O	O	
nameless	O	I-PER	O	O	
battle	O	I-PER	O	O	
during	O	I-PER	O	O	
the	O	I-PER	O	O	
Revolutionary	O	I-PER	O	O	
War	O	I-PER	O	O	
,	O	I-PER	O	O	
and	O	I-PER	O	O	
who	O	I-PER	O	O	
is	O	I-PER	O	O	
ever	O	I-PER	O	O	
and	O	I-PER	O	O	
anon	O	I-PER	O	O	
seen	O	I-PER	O	O	
by	O	I-PER	O	O	
the	B-PER	I-PER	O	O	
country	I-PER	I-PER	O	O	
folk	I-PER	I-PER	O	O	
hurrying	O	I-PER	O	O	
along	O	I-PER	O	O	
in	O	I-PER	O	O	
the	O	I-PER	O	O	
gloom	O	I-PER	O	O	
of	O	I-PER	O	O	
night	O	I-PER	O	O	
,	O	I-PER	O	O	
as	O	I-PER	O	O	
if	O	I-PER	O	O	
on	O	I-PER	O	O	
the	O	I-PER	O	O	
wings	O	I-PER	O	O	
of	O	I-PER	O	O	
the	O	I-PER	O	O	
wind	O	I-PER	O	O	
.	O	O	O	O	

His	O	O	O	O	
haunts	O	O	O	O	
are	O	O	O	O	
not	O	O	O	O	
confined	O	O	O	O	
to	O	O	O	O	
the	B-LOC	O	O	O	
valley	I-LOC	O	O	O	
,	O	O	O	O	
but	O	O	O	O	
extend	O	O	O	O	
at	O	O	O	O	
times	O	O	O	O	
to	O	O	O	O	
the	B-FAC	O	O	O	
adjacent	I-FAC	O	O	O	
roads	I-FAC	O	O	O	
,	O	O	O	O	
and	O	O	O	O	
especially	O	O	O	O	
to	O	O	O	O	
the	O	O	O	O	
vicinity	O	O	O	O	
of	O	O	O	O	
a	B-FAC	O	O	O	
church	I-FAC	O	O	O	
at	O	O	O	O	
no	O	O	O	O	
great	O	O	O	O	
distance	O	O	O	O	
.	O	O	O	O	

Indeed	O	O	O	O	
,	O	O	O	O	
certain	O	B-PER	O	O	
of	O	I-PER	O	O	
the	O	I-PER	O	O	
most	O	I-PER	O	O	
authentic	O	I-PER	O	O	
historians	O	I-PER	O	O	
of	O	I-PER	O	O	
those	B-LOC	I-PER	O	O	
parts	I-LOC	I-PER	O	O	
,	O	I-PER	O	O	
who	O	I-PER	O	O	
have	O	I-PER	O	O	
been	O	I-PER	O	O	
careful	O	I-PER	O	O	
in	O	I-PER	O	O	
collecting	O	I-PER	O	O	
and	O	I-PER	O	O	
collating	O	I-PER	O	O	
the	O	I-PER	O	O	
floating	O	I-PER	O	O	
facts	O	I-PER	O	O	
concerning	O	I-PER	O	O	
this	B-PER	I-PER	O	O	
spectre	I-PER	I-PER	O	O	
,	O	O	O	O	
allege	O	O	O	O	
that	O	O	O	O	
the	O	O	O	O	
body	O	O	O	O	
of	O	O	O	O	
the	B-PER	O	O	O	
trooper	I-PER	O	O	O	
having	O	O	O	O	
been	O	O	O	O	
buried	O	O	O	O	
in	O	O	O	O	
the	B-FAC	O	O	O	
churchyard	I-FAC	O	O	O	
,	O	O	O	O	
the	B-PER	O	O	O	
ghost	I-PER	O	O	O	
rides	O	O	O	O	
forth	O	O	O	O	
to	O	O	O	O	
the	O	O	O	O	
scene	O	O	O	O	
of	O	O	O	O	
battle	O	O	O	O	
in	O	O	O	O	
nightly	O	O	O	O	
quest	O	O	O	O	
of	O	O	O	O	
his	O	O	O	O	
head	O	O	O	O	
,	O	O	O	O	
and	O	O	O	O	
that	O	O	O	O	
the	O	O	O	O	
rushing	O	O	O	O	
speed	O	O	O	O	
with	O	O	O	O	
which	O	O	O	O	
he	O	O	O	O	
sometimes	O	O	O	O	
passes	O	O	O	O	
along	O	O	O	O	
the	B-LOC	O	O	O	
Hollow	I-LOC	O	O	O	
,	O	O	O	O	
like	O	O	O	O	
a	O	O	O	O	
midnight	O	O	O	O	
blast	O	O	O	O	
,	O	O	O	O	
is	O	O	O	O	
owing	O	O	O	O	
to	O	O	O	O	
his	O	O	O	O	
being	O	O	O	O	
belated	O	O	O	O	
,	O	O	O	O	
and	O	O	O	O	
in	O	O	O	O	
a	O	O	O	O	
hurry	O	O	O	O	
to	O	O	O	O	
get	O	O	O	O	
back	O	O	O	O	
to	O	O	O	O	
the	B-FAC	O	O	O	
churchyard	I-FAC	O	O	O	
before	O	O	O	O	
daybreak	O	O	O	O	
.	O	O	O	O	

Such	O	O	O	O	
is	O	O	O	O	
the	O	O	O	O	
general	O	O	O	O	
purport	O	O	O	O	
of	O	O	O	O	
this	O	O	O	O	
legendary	O	O	O	O	
superstition	O	O	O	O	
,	O	O	O	O	
which	O	O	O	O	
has	O	O	O	O	
furnished	O	O	O	O	
materials	O	O	O	O	
for	O	O	O	O	
many	O	O	O	O	
a	O	O	O	O	
wild	O	O	O	O	
story	O	O	O	O	
in	O	O	O	O	
that	B-LOC	O	O	O	
region	I-LOC	O	O	O	
of	I-LOC	O	O	O	
shadows	I-LOC	O	O	O	
;	O	O	O	O	
and	O	O	O	O	
the	B-PER	O	O	O	
spectre	I-PER	O	O	O	
is	O	O	O	O	
known	O	O	O	O	
at	O	O	O	O	
all	O	O	O	O	
the	O	O	O	O	
country	O	O	O	O	
firesides	O	O	O	O	
,	O	O	O	O	
by	O	O	O	O	
the	O	O	O	O	
name	O	O	O	O	
of	O	O	O	O	
the	O	B-PER	O	O	
Headless	O	I-PER	O	O	
Horseman	O	I-PER	O	O	
of	O	I-PER	O	O	
Sleepy	B-LOC	I-PER	O	O	
Hollow	I-LOC	I-PER	O	O	
.	O	O	O	O	

It	O	O	O	O	
is	O	O	O	O	
remarkable	O	O	O	O	
that	O	O	O	O	
the	O	O	O	O	
visionary	O	O	O	O	
propensity	O	O	O	O	
I	O	O	O	O	
have	O	O	O	O	
mentioned	O	O	O	O	
is	O	O	O	O	
not	O	O	O	O	
confined	O	O	O	O	
to	O	O	O	O	
the	O	B-PER	O	O	
native	O	I-PER	O	O	
inhabitants	O	I-PER	O	O	
of	O	I-PER	O	O	
the	B-LOC	I-PER	O	O	
valley	I-LOC	I-PER	O	O	
,	O	O	O	O	
but	O	O	O	O	
is	O	O	O	O	
unconsciously	O	O	O	O	
imbibed	O	O	O	O	
by	O	O	O	O	
every	O	B-PER	O	O	
one	O	I-PER	O	O	
who	O	I-PER	O	O	
resides	O	I-PER	O	O	
there	B-LOC	I-PER	O	O	
for	O	I-PER	O	O	
a	O	I-PER	O	O	
time	O	I-PER	O	O	
.	O	O	O	O	

However	O	O	O	O	
wide	O	O	O	O	
awake	O	O	O	O	
they	O	O	O	O	
may	O	O	O	O	
have	O	O	O	O	
been	O	O	O	O	
before	O	O	O	O	
they	O	O	O	O	
entered	O	O	O	O	
that	B-LOC	O	O	O	
sleepy	I-LOC	O	O	O	
region	I-LOC	O	O	O	
,	O	O	O	O	
they	O	O	O	O	
are	O	O	O	O	
sure	O	O	O	O	
,	O	O	O	O	
in	O	O	O	O	
a	O	O	O	O	
little	O	O	O	O	
time	O	O	O	O	
,	O	O	O	O	
to	O	O	O	O	
inhale	O	O	O	O	
the	O	O	O	O	
witching	O	O	O	O	
influence	O	O	O	O	
of	O	O	O	O	
the	O	O	O	O	
air	O	O	O	O	
,	O	O	O	O	
and	O	O	O	O	
begin	O	O	O	O	
to	O	O	O	O	
grow	O	O	O	O	
imaginative	O	O	O	O	
,	O	O	O	O	
to	O	O	O	O	
dream	O	O	O	O	
dreams	O	O	O	O	
,	O	O	O	O	
and	O	O	O	O	
see	O	O	O	O	
apparitions	O	O	O	O	
.	O	O	O	O	

I	O	O	O	O	
mention	O	O	O	O	
this	B-LOC	O	O	O	
peaceful	I-LOC	O	O	O	
spot	I-LOC	O	O	O	
with	O	O	O	O	
all	O	O	O	O	
possible	O	O	O	O	
laud	O	O	O	O	
,	O	O	O	O	
for	O	O	O	O	
it	O	O	O	O	
is	O	O	O	O	
in	O	O	O	O	
such	O	B-LOC	O	O	
little	O	I-LOC	O	O	
retired	O	I-LOC	O	O	
Dutch	O	I-LOC	O	O	
valleys	O	I-LOC	O	O	
,	O	I-LOC	O	O	
found	O	I-LOC	O	O	
here	O	I-LOC	O	O	
and	O	I-LOC	O	O	
there	O	I-LOC	O	O	
embosomed	O	I-LOC	O	O	
in	O	I-LOC	O	O	
the	B-GPE	I-LOC	O	O	
great	I-GPE	I-LOC	O	O	
State	I-GPE	I-LOC	O	O	
of	I-GPE	I-LOC	O	O	
New	I-GPE	I-LOC	O	O	
York	I-GPE	I-LOC	O	O	
,	O	O	O	O	
that	O	O	O	O	
population	O	O	O	O	
,	O	O	O	O	
manners	O	O	O	O	
,	O	O	O	O	
and	O	O	O	O	
customs	O	O	O	O	
remain	O	O	O	O	
fixed	O	O	O	O	
,	O	O	O	O	
while	O	O	O	O	
the	O	O	O	O	
great	O	O	O	O	
torrent	O	O	O	O	
of	O	O	O	O	
migration	O	O	O	O	
and	O	O	O	O	
improvement	O	O	O	O	
,	O	O	O	O	
which	O	O	O	O	
is	O	O	O	O	
making	O	O	O	O	
such	O	O	O	O	
incessant	O	O	O	O	
changes	O	O	O	O	
in	O	O	O	O	
other	O	B-LOC	O	O	
parts	O	I-LOC	O	O	
of	O	I-LOC	O	O	
this	B-GPE	I-LOC	O	O	
restless	I-GPE	I-LOC	O	O	
country	I-GPE	I-LOC	O	O	
,	O	O	O	O	
sweeps	O	O	O	O	
by	O	O	O	O	
them	O	O	O	O	
unobserved	O	O	O	O	
.	O	O	O	O	

They	O	O	O	O	
are	O	O	O	O	
like	O	O	O	O	
those	O	B-LOC	O	O	
little	O	I-LOC	O	O	
nooks	O	I-LOC	O	O	
of	O	I-LOC	O	O	
still	O	I-LOC	O	O	
water	O	I-LOC	O	O	
,	O	I-LOC	O	O	
which	O	I-LOC	O	O	
border	O	I-LOC	O	O	
a	B-LOC	I-LOC	O	O	
rapid	I-LOC	I-LOC	O	O	
stream	I-LOC	I-LOC	O	O	
,	O	I-LOC	O	O	
where	O	I-LOC	O	O	
we	O	I-LOC	O	O	
may	O	I-LOC	O	O	
see	O	I-LOC	O	O	
the	O	I-LOC	O	O	
straw	O	I-LOC	O	O	
and	O	I-LOC	O	O	
bubble	O	I-LOC	O	O	
riding	O	I-LOC	O	O	
quietly	O	I-LOC	O	O	
at	O	I-LOC	O	O	
anchor	O	I-LOC	O	O	
,	O	I-LOC	O	O	
or	O	I-LOC	O	O	
slowly	O	I-LOC	O	O	
revolving	O	I-LOC	O	O	
in	O	I-LOC	O	O	
their	O	I-LOC	O	O	
mimic	O	I-LOC	O	O	
harbor	O	I-LOC	O	O	
,	O	I-LOC	O	O	
undisturbed	O	I-LOC	O	O	
by	O	I-LOC	O	O	
the	O	I-LOC	O	O	
rush	O	I-LOC	O	O	
of	O	I-LOC	O	O	
the	O	I-LOC	O	O	
passing	O	I-LOC	O	O	
current	O	I-LOC	O	O	
.	O	O	O	O	

Though	O	O	O	O	
many	O	O	O	O	
years	O	O	O	O	
have	O	O	O	O	
elapsed	O	O	O	O	
since	O	O	O	O	
I	O	O	O	O	
trod	O	O	O	O	
the	O	O	O	O	
drowsy	O	O	O	O	
shades	O	O	O	O	
of	O	O	O	O	
Sleepy	B-LOC	O	O	O	
Hollow	I-LOC	O	O	O	
,	O	O	O	O	
yet	O	O	O	O	
I	O	O	O	O	
question	O	O	O	O	
whether	O	O	O	O	
I	O	O	O	O	
should	O	O	O	O	
not	O	O	O	O	
still	O	O	O	O	
find	O	O	O	O	
the	O	O	O	O	
same	O	O	O	O	
trees	O	O	O	O	
and	O	O	O	O	
the	O	O	O	O	
same	O	O	O	O	
families	O	O	O	O	
vegetating	O	O	O	O	
in	O	O	O	O	
its	O	O	O	O	
sheltered	O	O	O	O	
bosom	O	O	O	O	
.	O	O	O	O	

In	O	O	O	O	
this	O	O	O	O	
by-place	O	O	O	O	
of	O	O	O	O	
nature	O	O	O	O	
there	O	O	O	O	
abode	O	O	O	O	
,	O	O	O	O	
in	O	O	O	O	
a	O	O	O	O	
remote	O	O	O	O	
period	O	O	O	O	
of	O	O	O	O	
American	O	O	O	O	
history	O	O	O	O	
,	O	O	O	O	
that	O	O	O	O	
is	O	O	O	O	
to	O	O	O	O	
say	O	O	O	O	
,	O	O	O	O	
some	O	O	O	O	
thirty	O	O	O	O	
years	O	O	O	O	
since	O	O	O	O	
,	O	O	O	O	
a	O	O	B-PER	O	
worthy	O	O	I-PER	O	
wight	O	O	I-PER	O	
of	O	O	I-PER	O	
the	O	O	I-PER	O	
name	O	O	I-PER	O	
of	O	O	I-PER	O	
Ichabod	B-PER	O	I-PER	O	
Crane	I-PER	O	I-PER	O	
,	O	O	I-PER	O	
who	O	O	I-PER	O	
sojourned	O	O	I-PER	O	
,	O	O	I-PER	O	
or	O	O	I-PER	O	
,	O	O	I-PER	O	
as	O	O	I-PER	O	
he	O	O	I-PER	O	
expressed	O	O	I-PER	O	
it	O	O	I-PER	O	
,	O	O	I-PER	O	
“	O	O	I-PER	O	
tarried	O	O	I-PER	O	
,	O	O	I-PER	O	
”	O	O	I-PER	O	
in	O	O	I-PER	O	
Sleepy	B-LOC	O	I-PER	O	
Hollow	I-LOC	O	I-PER	O	
,	O	O	I-PER	O	
for	O	O	I-PER	O	
the	O	O	I-PER	O	
purpose	O	O	I-PER	O	
of	O	O	I-PER	O	
instructing	O	O	I-PER	O	
the	O	B-PER	I-PER	O	
children	O	I-PER	I-PER	O	
of	O	I-PER	I-PER	O	
the	B-LOC	I-PER	I-PER	O	
vicinity	I-LOC	I-PER	I-PER	O	
.	O	O	O	O	

He	O	O	O	O	
was	O	O	O	O	
a	O	O	O	O	
native	O	O	O	O	
of	O	O	O	O	
Connecticut	B-GPE	O	O	O	
,	O	O	O	O	
a	O	B-GPE	O	O	
State	O	I-GPE	O	O	
which	O	I-GPE	O	O	
supplies	O	I-GPE	O	O	
the	B-GPE	I-GPE	O	O	
Union	I-GPE	I-GPE	O	O	
with	O	I-GPE	O	O	
pioneers	B-PER	I-GPE	O	O	
for	I-PER	I-GPE	O	O	
the	I-PER	I-GPE	O	O	
mind	I-PER	I-GPE	O	O	
as	O	I-GPE	O	O	
well	O	I-GPE	O	O	
as	O	I-GPE	O	O	
for	O	I-GPE	O	O	
the	B-LOC	I-GPE	O	O	
forest	I-LOC	I-GPE	O	O	
,	O	I-GPE	O	O	
and	O	I-GPE	O	O	
sends	O	I-GPE	O	O	
forth	O	I-GPE	O	O	
yearly	O	I-GPE	O	O	
its	O	I-GPE	O	O	
legions	O	I-GPE	O	O	
of	O	I-GPE	O	O	
frontier	B-PER	I-GPE	O	O	
woodmen	I-PER	I-GPE	O	O	
and	O	I-GPE	O	O	
country	B-PER	I-GPE	O	O	
schoolmasters	I-PER	I-GPE	O	O	
.	O	O	O	O	

The	O	O	O	O	
cognomen	O	O	O	O	
of	O	O	O	O	
Crane	B-PER	O	O	O	
was	O	O	O	O	
not	O	O	O	O	
inapplicable	O	O	O	O	
to	O	O	O	O	
his	B-PER	O	O	O	
person	I-PER	O	O	O	
.	O	O	O	O	

He	O	O	O	O	
was	O	O	O	O	
tall	O	O	O	O	
,	O	O	O	O	
but	O	O	O	O	
exceedingly	O	O	O	O	
lank	O	O	O	O	
,	O	O	O	O	
with	O	O	O	O	
narrow	O	O	O	O	
shoulders	O	O	O	O	
,	O	O	O	O	
long	O	O	O	O	
arms	O	O	O	O	
and	O	O	O	O	
legs	O	O	O	O	
,	O	O	O	O	
hands	O	O	O	O	
that	O	O	O	O	
dangled	O	O	O	O	
a	O	O	O	O	
mile	O	O	O	O	
out	O	O	O	O	
of	O	O	O	O	
his	O	O	O	O	
sleeves	O	O	O	O	
,	O	O	O	O	
feet	O	O	O	O	
that	O	O	O	O	
might	O	O	O	O	
have	O	O	O	O	
served	O	O	O	O	
for	O	O	O	O	
shovels	O	O	O	O	
,	O	O	O	O	
and	O	O	O	O	
his	O	O	O	O	
whole	O	O	O	O	
frame	O	O	O	O	
most	O	O	O	O	
loosely	O	O	O	O	
hung	O	O	O	O	
together	O	O	O	O	
.	O	O	O	O	

His	O	O	O	O	
head	O	O	O	O	
was	O	O	O	O	
small	O	O	O	O	
,	O	O	O	O	
and	O	O	O	O	
flat	O	O	O	O	
at	O	O	O	O	
top	O	O	O	O	
,	O	O	O	O	
with	O	O	O	O	
huge	O	O	O	O	
ears	O	O	O	O	
,	O	O	O	O	
large	O	O	O	O	
green	O	O	O	O	
glassy	O	O	O	O	
eyes	O	O	O	O	
,	O	O	O	O	
and	O	O	O	O	
a	O	O	O	O	
long	O	O	O	O	
snipe	O	O	O	O	
nose	O	O	O	O	
,	O	O	O	O	
so	O	O	O	O	
that	O	O	O	O	
it	O	O	O	O	
looked	O	O	O	O	
like	O	O	O	O	
a	O	O	O	O	
weather-cock	O	O	O	O	
perched	O	O	O	O	
upon	O	O	O	O	
his	O	O	O	O	
spindle	O	O	O	O	
neck	O	O	O	O	
to	O	O	O	O	
tell	O	O	O	O	
which	O	O	O	O	
way	O	O	O	O	
the	O	O	O	O	
wind	O	O	O	O	
blew	O	O	O	O	
.	O	O	O	O	

To	O	O	O	O	
see	O	O	O	O	
him	O	O	O	O	
striding	O	O	O	O	
along	O	O	O	O	
the	O	O	O	O	
profile	O	O	O	O	
of	O	O	O	O	
a	B-LOC	O	O	O	
hill	I-LOC	O	O	O	
on	O	O	O	O	
a	O	O	O	O	
windy	O	O	O	O	
day	O	O	O	O	
,	O	O	O	O	
with	O	O	O	O	
his	O	O	O	O	
clothes	O	O	O	O	
bagging	O	O	O	O	
and	O	O	O	O	
fluttering	O	O	O	O	
about	O	O	O	O	
him	O	O	O	O	
,	O	O	O	O	
one	O	O	O	O	
might	O	O	O	O	
have	O	O	O	O	
mistaken	O	O	O	O	
him	O	O	O	O	
for	O	O	O	O	
the	O	O	O	O	
genius	O	O	O	O	
of	O	O	O	O	
famine	O	O	O	O	
descending	O	O	O	O	
upon	O	O	O	O	
the	B-LOC	O	O	O	
earth	I-LOC	O	O	O	
,	O	O	O	O	
or	O	O	O	O	
some	O	O	O	O	
scarecrow	O	O	O	O	
eloped	O	O	O	O	
from	O	O	O	O	
a	B-LOC	O	O	O	
cornfield	I-LOC	O	O	O	
.	O	O	O	O	

His	B-FAC	O	O	O	
schoolhouse	I-FAC	O	O	O	
was	O	O	O	O	
a	O	B-FAC	O	O	
low	O	I-FAC	O	O	
building	O	I-FAC	O	O	
of	O	I-FAC	O	O	
one	B-FAC	I-FAC	O	O	
large	I-FAC	I-FAC	O	O	
room	I-FAC	I-FAC	O	O	
,	O	I-FAC	O	O	
rudely	O	I-FAC	O	O	
constructed	O	I-FAC	O	O	
of	O	I-FAC	O	O	
logs	O	I-FAC	O	O	
;	O	O	O	O	
the	O	O	O	O	
windows	O	O	O	O	
partly	O	O	O	O	
glazed	O	O	O	O	
,	O	O	O	O	
and	O	O	O	O	
partly	O	O	O	O	
patched	O	O	O	O	
with	O	O	O	O	
leaves	O	O	O	O	
of	O	O	O	O	
old	O	O	O	O	
copybooks	O	O	O	O	
.	O	O	O	O	

It	O	O	O	O	
was	O	O	O	O	
most	O	O	O	O	
ingeniously	O	O	O	O	
secured	O	O	O	O	
at	O	O	O	O	
vacant	O	O	O	O	
hours	O	O	O	O	
,	O	O	O	O	
by	O	O	O	O	
a	O	O	O	O	
withe	O	O	O	O	
twisted	O	O	O	O	
in	O	O	O	O	
the	O	O	O	O	
handle	O	O	O	O	
of	O	O	O	O	
the	O	O	O	O	
door	O	O	O	O	
,	O	O	O	O	
and	O	O	O	O	
stakes	O	O	O	O	
set	O	O	O	O	
against	O	O	O	O	
the	O	O	O	O	
window	O	O	O	O	
shutters	O	O	O	O	
;	O	O	O	O	
so	O	O	O	O	
that	O	O	O	O	
though	O	O	O	O	
a	B-PER	O	O	O	
thief	I-PER	O	O	O	
might	O	O	O	O	
get	O	O	O	O	
in	O	O	O	O	
with	O	O	O	O	
perfect	O	O	O	O	
ease	O	O	O	O	
,	O	O	O	O	
he	O	O	O	O	
would	O	O	O	O	
find	O	O	O	O	
some	O	O	O	O	
embarrassment	O	O	O	O	
in	O	O	O	O	
getting	O	O	O	O	
out	O	O	O	O	
,	O	O	O	O	
--	O	O	O	O	
an	O	O	O	O	
idea	O	O	O	O	
most	O	O	O	O	
probably	O	O	O	O	
borrowed	O	O	O	O	
by	O	O	O	O	
the	B-PER	O	O	O	
architect	I-PER	O	O	O	
,	O	O	O	O	
Yost	B-PER	O	O	O	
Van	I-PER	O	O	O	
Houten	I-PER	O	O	O	
,	O	O	O	O	
from	O	O	O	O	
the	O	O	O	O	
mystery	O	O	O	O	
of	O	O	O	O	
an	O	O	O	O	
eelpot	O	O	O	O	
.	O	O	O	O	

The	B-FAC	O	O	O	
schoolhouse	I-FAC	O	O	O	
stood	O	O	O	O	
in	O	O	O	O	
a	O	O	O	O	
rather	O	O	O	O	
lonely	O	O	O	O	
but	O	O	O	O	
pleasant	O	O	O	O	
situation	O	O	O	O	
,	O	O	O	O	
just	O	O	O	O	
at	O	O	O	O	
the	O	O	O	O	
foot	O	O	O	O	
of	O	O	O	O	
a	B-LOC	O	O	O	
woody	I-LOC	O	O	O	
hill	I-LOC	O	O	O	
,	O	O	O	O	
with	O	O	O	O	
a	B-LOC	O	O	O	
brook	I-LOC	O	O	O	
running	O	O	O	O	
close	O	O	O	O	
by	O	O	O	O	
,	O	O	O	O	
and	O	O	O	O	
a	O	O	O	O	
formidable	O	O	O	O	
birch-tree	O	O	O	O	
growing	O	O	O	O	
at	O	O	O	O	
one	O	O	O	O	
end	O	O	O	O	
of	O	O	O	O	
it	O	O	O	O	
.	O	O	O	O	

From	O	O	O	O	
hence	O	O	O	O	
the	O	O	O	O	
low	O	O	O	O	
murmur	O	O	O	O	
of	O	O	O	O	
his	B-PER	O	O	O	
pupils	I-PER	O	O	O	
’	O	O	O	O	
voices	O	O	O	O	
,	O	O	O	O	
conning	O	O	O	O	
over	O	O	O	O	
their	O	O	O	O	
lessons	O	O	O	O	
,	O	O	O	O	
might	O	O	O	O	
be	O	O	O	O	
heard	O	O	O	O	
in	O	O	O	O	
a	O	O	O	O	
drowsy	O	O	O	O	
summer	O	O	O	O	
’s	O	O	O	O	
day	O	O	O	O	
,	O	O	O	O	
like	O	O	O	O	
the	O	O	O	O	
hum	O	O	O	O	
of	O	O	O	O	
a	O	O	O	O	
beehive	O	O	O	O	
;	O	O	O	O	
interrupted	O	O	O	O	
now	O	O	O	O	
and	O	O	O	O	
then	O	O	O	O	
by	O	O	O	O	
the	O	O	O	O	
authoritative	O	O	O	O	
voice	O	O	O	O	
of	O	O	O	O	
the	B-PER	O	O	O	
master	I-PER	O	O	O	
,	O	O	O	O	
in	O	O	O	O	
the	O	O	O	O	
tone	O	O	O	O	
of	O	O	O	O	
menace	O	O	O	O	
or	O	O	O	O	
command	O	O	O	O	
,	O	O	O	O	
or	O	O	O	O	
,	O	O	O	O	
peradventure	O	O	O	O	
,	O	O	O	O	
by	O	O	O	O	
the	O	O	O	O	
appalling	O	O	O	O	
sound	O	O	O	O	
of	O	O	O	O	
the	O	O	O	O	
birch	O	O	O	O	
,	O	O	O	O	
as	O	O	O	O	
he	O	O	O	O	
urged	O	O	O	O	
some	B-PER	O	O	O	
tardy	I-PER	O	O	O	
loiterer	I-PER	O	O	O	
along	O	O	O	O	
the	O	O	O	O	
flowery	O	O	O	O	
path	O	O	O	O	
of	O	O	O	O	
knowledge	O	O	O	O	
.	O	O	O	O	

Truth	O	O	O	O	
to	O	O	O	O	
say	O	O	O	O	
,	O	O	O	O	
he	O	O	O	O	
was	O	O	O	O	
a	B-PER	O	O	O	
conscientious	I-PER	O	O	O	
man	I-PER	O	O	O	
,	O	O	O	O	
and	O	O	O	O	
ever	O	O	O	O	
bore	O	O	O	O	
in	O	O	O	O	
mind	O	O	O	O	
the	O	O	O	O	
golden	O	O	O	O	
maxim	O	O	O	O	
,	O	O	O	O	
“	O	O	O	O	
Spare	O	O	O	O	
the	O	O	O	O	
rod	O	O	O	O	
and	O	O	O	O	
spoil	O	O	O	O	
the	B-PER	O	O	O	
child	I-PER	O	O	O	
.	O	O	O	O	
”	O	O	O	O	

Ichabod	B-PER	B-PER	O	O	
Crane	I-PER	I-PER	O	O	
’s	O	I-PER	O	O	
scholars	O	I-PER	O	O	
certainly	O	O	O	O	
were	O	O	O	O	
not	O	O	O	O	
spoiled	O	O	O	O	
.	O	O	O	O	

I	O	O	O	O	
would	O	O	O	O	
not	O	O	O	O	
have	O	O	O	O	
it	O	O	O	O	
imagined	O	O	O	O	
,	O	O	O	O	
however	O	O	O	O	
,	O	O	O	O	
that	O	O	O	O	
he	O	O	O	O	
was	O	O	O	O	
one	O	O	O	O	
of	O	O	O	O	
those	O	B-PER	O	O	
cruel	O	I-PER	O	O	
potentates	O	I-PER	O	O	
of	O	I-PER	O	O	
the	B-ORG	I-PER	O	O	
school	I-ORG	I-PER	O	O	
who	O	I-PER	O	O	
joy	O	I-PER	O	O	
in	O	I-PER	O	O	
the	O	I-PER	O	O	
smart	O	I-PER	O	O	
of	O	I-PER	O	O	
their	B-PER	I-PER	O	O	
subjects	I-PER	I-PER	O	O	
;	O	O	O	O	
on	O	O	O	O	
the	O	O	O	O	
contrary	O	O	O	O	
,	O	O	O	O	
he	O	O	O	O	
administered	O	O	O	O	
justice	O	O	O	O	
with	O	O	O	O	
discrimination	O	O	O	O	
rather	O	O	O	O	
than	O	O	O	O	
severity	O	O	O	O	
;	O	O	O	O	
taking	O	O	O	O	
the	O	O	O	O	
burden	O	O	O	O	
off	O	O	O	O	
the	O	O	O	O	
backs	O	O	O	O	
of	O	O	O	O	
the	B-PER	O	O	O	
weak	I-PER	O	O	O	
,	O	O	O	O	
and	O	O	O	O	
laying	O	O	O	O	
it	O	O	O	O	
on	O	O	O	O	
those	O	O	O	O	
of	O	O	O	O	
the	B-PER	O	O	O	
strong	I-PER	O	O	O	
.	O	O	O	O	

Your	B-PER	O	O	O	
mere	I-PER	O	O	O	
puny	I-PER	O	O	O	
stripling	I-PER	O	O	O	
,	I-PER	O	O	O	
that	I-PER	O	O	O	
winced	I-PER	O	O	O	
at	I-PER	O	O	O	
the	I-PER	O	O	O	
least	I-PER	O	O	O	
flourish	I-PER	O	O	O	
of	I-PER	O	O	O	
the	I-PER	O	O	O	
rod	I-PER	O	O	O	
,	O	O	O	O	
was	O	O	O	O	
passed	O	O	O	O	
by	O	O	O	O	
with	O	O	O	O	
indulgence	O	O	O	O	
;	O	O	O	O	
but	O	O	O	O	
the	O	O	O	O	
claims	O	O	O	O	
of	O	O	O	O	
justice	O	O	O	O	
were	O	O	O	O	
satisfied	O	O	O	O	
by	O	O	O	O	
inflicting	O	O	O	O	
a	O	O	O	O	
double	O	O	O	O	
portion	O	O	O	O	
on	O	O	O	O	
some	B-PER	O	O	O	
little	I-PER	O	O	O	
tough	I-PER	O	O	O	
wrong-headed	I-PER	O	O	O	
,	I-PER	O	O	O	
broad-skirted	I-PER	O	O	O	
Dutch	I-PER	O	O	O	
urchin	I-PER	O	O	O	
,	I-PER	O	O	O	
who	I-PER	O	O	O	
sulked	I-PER	O	O	O	
and	I-PER	O	O	O	
swelled	I-PER	O	O	O	
and	I-PER	O	O	O	
grew	I-PER	O	O	O	
dogged	I-PER	O	O	O	
and	I-PER	O	O	O	
sullen	I-PER	O	O	O	
beneath	I-PER	O	O	O	
the	I-PER	O	O	O	
birch	I-PER	O	O	O	
.	O	O	O	O	

All	O	O	O	O	
this	O	O	O	O	
he	O	O	O	O	
called	O	O	O	O	
“	O	O	O	O	
doing	O	O	O	O	
his	O	O	O	O	
duty	O	O	O	O	
by	O	O	O	O	
their	B-PER	O	O	O	
parents	I-PER	O	O	O	
;	O	O	O	O	
”	O	O	O	O	
and	O	O	O	O	
he	O	O	O	O	
never	O	O	O	O	
inflicted	O	O	O	O	
a	O	O	O	O	
chastisement	O	O	O	O	
without	O	O	O	O	
following	O	O	O	O	
it	O	O	O	O	
by	O	O	O	O	
the	O	O	O	O	
assurance	O	O	O	O	
,	O	O	O	O	
so	O	O	O	O	
consolatory	O	O	O	O	
to	O	O	O	O	
the	B-PER	O	O	O	
smarting	I-PER	O	O	O	
urchin	I-PER	O	O	O	
,	O	O	O	O	
that	O	O	O	O	
“	O	O	O	O	
he	O	O	O	O	
would	O	O	O	O	
remember	O	O	O	O	
it	O	O	O	O	
and	O	O	O	O	
thank	O	O	O	O	
him	O	O	O	O	
for	O	O	O	O	
it	O	O	O	O	
the	O	O	O	O	
longest	O	O	O	O	
day	O	O	O	O	
he	O	O	O	O	
had	O	O	O	O	
to	O	O	O	O	
live	O	O	O	O	
.	O	O	O	O	
”	O	O	O	O	

When	O	O	O	O	
school	O	O	O	O	
hours	O	O	O	O	
were	O	O	O	O	
over	O	O	O	O	
,	O	O	O	O	
he	O	O	O	O	
was	O	O	O	O	
even	O	O	O	O	
the	O	B-PER	O	O	
companion	O	I-PER	O	O	
and	O	I-PER	O	O	
playmate	O	I-PER	O	O	
of	O	I-PER	O	O	
the	B-PER	I-PER	O	O	
larger	I-PER	I-PER	O	O	
boys	I-PER	I-PER	O	O	
;	O	O	O	O	
and	O	O	O	O	
on	O	O	O	O	
holiday	O	O	O	O	
afternoons	O	O	O	O	
would	O	O	O	O	
convoy	O	O	O	O	
some	O	O	O	O	
of	O	O	O	O	
the	B-PER	O	O	O	
smaller	I-PER	O	O	O	
ones	I-PER	O	O	O	
home	B-FAC	O	O	O	
,	O	O	O	O	
who	O	O	O	O	
happened	O	O	O	O	
to	O	O	O	O	
have	O	O	O	O	
pretty	B-PER	O	O	O	
sisters	I-PER	O	O	O	
,	O	O	O	O	
or	O	O	O	O	
good	B-PER	O	O	O	
housewives	I-PER	O	O	O	
for	O	O	O	O	
mothers	B-PER	O	O	O	
,	O	O	O	O	
noted	O	O	O	O	
for	O	O	O	O	
the	O	O	O	O	
comforts	O	O	O	O	
of	O	O	O	O	
the	O	O	O	O	
cupboard	O	O	O	O	
.	O	O	O	O	

Indeed	O	O	O	O	
,	O	O	O	O	
it	O	O	O	O	
behooved	O	O	O	O	
him	O	O	O	O	
to	O	O	O	O	
keep	O	O	O	O	
on	O	O	O	O	
good	O	O	O	O	
terms	O	O	O	O	
with	O	O	O	O	
his	B-PER	O	O	O	
pupils	I-PER	O	O	O	
.	O	O	O	O	

The	O	O	O	O	
revenue	O	O	O	O	
arising	O	O	O	O	
from	O	O	O	O	
his	B-ORG	O	O	O	
school	I-ORG	O	O	O	
was	O	O	O	O	
small	O	O	O	O	
,	O	O	O	O	
and	O	O	O	O	
would	O	O	O	O	
have	O	O	O	O	
been	O	O	O	O	
scarcely	O	O	O	O	
sufficient	O	O	O	O	
to	O	O	O	O	
furnish	O	O	O	O	
him	O	O	O	O	
with	O	O	O	O	
daily	O	O	O	O	
bread	O	O	O	O	
,	O	O	O	O	
for	O	O	O	O	
he	O	O	O	O	
was	O	O	O	O	
a	O	O	O	O	
huge	O	O	O	O	
feeder	O	O	O	O	
,	O	O	O	O	
and	O	O	O	O	
,	O	O	O	O	
though	O	O	O	O	
lank	O	O	O	O	
,	O	O	O	O	
had	O	O	O	O	
the	O	O	O	O	
dilating	O	O	O	O	
powers	O	O	O	O	
of	O	O	O	O	
an	O	O	O	O	
anaconda	O	O	O	O	
;	O	O	O	O	
but	O	O	O	O	
to	O	O	O	O	
help	O	O	O	O	
out	O	O	O	O	
his	O	O	O	O	
maintenance	O	O	O	O	
,	O	O	O	O	
he	O	O	O	O	
was	O	O	O	O	
,	O	O	O	O	
according	O	O	O	O	
to	O	O	O	O	
country	O	O	O	O	
custom	O	O	O	O	
in	O	O	O	O	
those	O	O	O	O	
parts	O	O	O	O	
,	O	O	O	O	
boarded	O	O	O	O	
and	O	O	O	O	
lodged	O	O	O	O	
at	O	O	O	O	
the	O	O	B-FAC	O	
houses	O	O	I-FAC	O	
of	O	O	I-FAC	O	
the	O	B-PER	I-FAC	O	
farmers	O	I-PER	I-FAC	O	
whose	O	I-PER	I-FAC	O	
children	B-PER	I-PER	I-FAC	O	
he	O	I-PER	I-FAC	O	
instructed	O	I-PER	I-FAC	O	
.	O	O	O	O	

With	O	O	O	O	
these	O	O	O	O	
he	O	O	O	O	
lived	O	O	O	O	
successively	O	O	O	O	
a	O	O	O	O	
week	O	O	O	O	
at	O	O	O	O	
a	O	O	O	O	
time	O	O	O	O	
,	O	O	O	O	
thus	O	O	O	O	
going	O	O	O	O	
the	O	O	O	O	
rounds	O	O	O	O	
of	O	O	O	O	
the	B-FAC	O	O	O	
neighborhood	I-FAC	O	O	O	
,	O	O	O	O	
with	O	O	O	O	
all	O	O	O	O	
his	O	O	O	O	
worldly	O	O	O	O	
effects	O	O	O	O	
tied	O	O	O	O	
up	O	O	O	O	
in	O	O	O	O	
a	O	O	O	O	
cotton	O	O	O	O	
handkerchief	O	O	O	O	
.	O	O	O	O	

That	O	O	O	O	
all	O	O	O	O	
this	O	O	O	O	
might	O	O	O	O	
not	O	O	O	O	
be	O	O	O	O	
too	O	O	O	O	
onerous	O	O	O	O	
on	O	O	O	O	
the	O	O	O	O	
purses	O	O	O	O	
of	O	O	O	O	
his	O	B-PER	O	O	
rustic	O	I-PER	O	O	
patrons	O	I-PER	O	O	
,	O	I-PER	O	O	
who	O	I-PER	O	O	
are	O	I-PER	O	O	
apt	O	I-PER	O	O	
to	O	I-PER	O	O	
consider	O	I-PER	O	O	
the	O	I-PER	O	O	
costs	O	I-PER	O	O	
of	O	I-PER	O	O	
schooling	O	I-PER	O	O	
a	O	I-PER	O	O	
grievous	O	I-PER	O	O	
burden	O	I-PER	O	O	
,	O	I-PER	O	O	
and	O	I-PER	O	O	
schoolmasters	B-PER	I-PER	O	O	
as	O	I-PER	O	O	
mere	B-PER	I-PER	O	O	
drones	I-PER	I-PER	O	O	
,	O	O	O	O	
he	O	O	O	O	
had	O	O	O	O	
various	O	O	O	O	
ways	O	O	O	O	
of	O	O	O	O	
rendering	O	O	O	O	
himself	O	O	O	O	
both	O	O	O	O	
useful	O	O	O	O	
and	O	O	O	O	
agreeable	O	O	O	O	
.	O	O	O	O	

He	O	O	O	O	
assisted	O	O	O	O	
the	B-PER	O	O	O	
farmers	I-PER	O	O	O	
occasionally	O	O	O	O	
in	O	O	O	O	
the	O	O	O	O	
lighter	O	O	O	O	
labors	O	O	O	O	
of	O	O	O	O	
their	B-FAC	O	O	O	
farms	I-FAC	O	O	O	
,	O	O	O	O	
helped	O	O	O	O	
to	O	O	O	O	
make	O	O	O	O	
hay	O	O	O	O	
,	O	O	O	O	
mended	O	O	O	O	
the	O	O	O	O	
fences	O	O	O	O	
,	O	O	O	O	
took	O	O	O	O	
the	O	O	O	O	
horses	O	O	O	O	
to	O	O	O	O	
water	O	O	O	O	
,	O	O	O	O	
drove	O	O	O	O	
the	O	O	O	O	
cows	O	O	O	O	
from	O	O	O	O	
pasture	O	O	O	O	
,	O	O	O	O	
and	O	O	O	O	
cut	O	O	O	O	
wood	O	O	O	O	
for	O	O	O	O	
the	O	O	O	O	
winter	O	O	O	O	
fire	O	O	O	O	
.	O	O	O	O	

He	O	O	O	O	
laid	O	O	O	O	
aside	O	O	O	O	
,	O	O	O	O	
too	O	O	O	O	
,	O	O	O	O	
all	O	O	O	O	
the	O	O	O	O	
dominant	O	O	O	O	
dignity	O	O	O	O	
and	O	O	O	O	
absolute	O	O	O	O	
sway	O	O	O	O	
with	O	O	O	O	
which	O	O	O	O	
he	O	O	O	O	
lorded	O	O	O	O	
it	O	O	O	O	
in	O	O	O	O	
his	B-FAC	O	O	O	
little	I-FAC	O	O	O	
empire	I-FAC	O	O	O	
,	O	O	O	O	
the	B-FAC	O	O	O	
school	I-FAC	O	O	O	
,	O	O	O	O	
and	O	O	O	O	
became	O	O	O	O	
wonderfully	O	O	O	O	
gentle	O	O	O	O	
and	O	O	O	O	
ingratiating	O	O	O	O	
.	O	O	O	O	

He	O	O	O	O	
found	O	O	O	O	
favor	O	O	O	O	
in	O	O	O	O	
the	O	O	O	O	
eyes	O	O	O	O	
of	O	O	O	O	
the	B-PER	O	O	O	
mothers	I-PER	O	O	O	
by	O	O	O	O	
petting	O	O	O	O	
the	B-PER	O	O	O	
children	I-PER	O	O	O	
,	O	O	O	O	
particularly	O	O	O	O	
the	O	O	O	O	
youngest	O	O	O	O	
;	O	O	O	O	
and	O	O	O	O	
like	O	O	O	O	
the	O	O	O	O	
lion	O	O	O	O	
bold	O	O	O	O	
,	O	O	O	O	
which	O	O	O	O	
whilom	O	O	O	O	
so	O	O	O	O	
magnanimously	O	O	O	O	
the	O	O	O	O	
lamb	O	O	O	O	
did	O	O	O	O	
hold	O	O	O	O	
,	O	O	O	O	
he	O	O	O	O	
would	O	O	O	O	
sit	O	O	O	O	
with	O	O	O	O	
a	B-PER	O	O	O	
child	I-PER	O	O	O	
on	O	O	O	O	
one	O	O	O	O	
knee	O	O	O	O	
,	O	O	O	O	
and	O	O	O	O	
rock	O	O	O	O	
a	O	O	O	O	
cradle	O	O	O	O	
with	O	O	O	O	
his	O	O	O	O	
foot	O	O	O	O	
for	O	O	O	O	
whole	O	O	O	O	
hours	O	O	O	O	
together	O	O	O	O	
.	O	O	O	O	

