PART	O	O	O	O	
I.	O	O	O	O	
FRIENDS	B-PER	O	O	O	
OF	I-PER	O	O	O	
CHILDHOOD	I-PER	O	O	O	
I	O	O	O	O	
Dr.	B-PER	B-PER	O	O	
Howard	O	I-PER	O	O	
Archie	O	I-PER	O	O	
had	O	O	O	O	
just	O	O	O	O	
come	O	O	O	O	
up	O	O	O	O	
from	O	O	O	O	
a	O	O	O	O	
game	O	O	O	O	
of	O	O	O	O	
pool	O	O	O	O	
with	O	O	O	O	
the	B-PER	O	O	O	
Jewish	I-PER	O	O	O	
clothier	I-PER	O	O	O	
and	O	O	O	O	
two	O	B-PER	O	O	
traveling	O	I-PER	O	O	
men	O	I-PER	O	O	
who	O	I-PER	O	O	
happened	O	I-PER	O	O	
to	O	I-PER	O	O	
be	O	I-PER	O	O	
staying	O	I-PER	O	O	
overnight	O	I-PER	O	O	
in	O	I-PER	O	O	
Moonstone	B-GPE	I-PER	O	O	
.	O	O	O	O	

His	B-FAC	O	O	O	
offices	I-FAC	O	O	O	
were	O	O	O	O	
in	O	O	O	O	
the	B-PER	O	O	O	
Duke	I-PER	O	O	O	
Block	I-PER	O	O	O	
,	O	O	O	O	
over	O	O	O	O	
the	B-FAC	O	O	O	
drug	I-FAC	O	O	O	
store	I-FAC	O	O	O	
.	O	O	O	O	

Larry	B-PER	O	O	O	
,	O	O	O	O	
the	B-PER	O	O	O	
doctor	I-PER	O	O	O	
's	I-PER	O	O	O	
man	I-PER	O	O	O	
,	O	O	O	O	
had	O	O	O	O	
lit	O	O	O	O	
the	O	O	O	O	
overhead	O	O	O	O	
light	O	O	O	O	
in	O	O	O	O	
the	B-FAC	O	O	O	
waiting-room	I-FAC	O	O	O	
and	O	O	O	O	
the	O	O	O	O	
double	O	O	O	O	
student	O	O	O	O	
's	O	O	O	O	
lamp	O	O	O	O	
on	O	O	O	O	
the	O	O	O	O	
desk	O	O	O	O	
in	O	O	O	O	
the	B-FAC	O	O	O	
study	I-FAC	O	O	O	
.	O	O	O	O	

The	O	O	O	O	
isinglass	O	O	O	O	
sides	O	O	O	O	
of	O	O	O	O	
the	O	O	O	O	
hard-coal	O	O	O	O	
burner	O	O	O	O	
were	O	O	O	O	
aglow	O	O	O	O	
,	O	O	O	O	
and	O	O	O	O	
the	O	O	O	O	
air	O	O	O	O	
in	O	O	O	O	
the	B-FAC	O	O	O	
study	I-FAC	O	O	O	
was	O	O	O	O	
so	O	O	O	O	
hot	O	O	O	O	
that	O	O	O	O	
as	O	O	O	O	
he	O	O	O	O	
came	O	O	O	O	
in	O	O	O	O	
the	B-PER	O	O	O	
doctor	I-PER	O	O	O	
opened	O	O	O	O	
the	O	O	O	O	
door	O	O	O	O	
into	O	O	O	O	
his	B-FAC	O	O	O	
little	I-FAC	O	O	O	
operating-room	I-FAC	O	O	O	
,	O	O	O	O	
where	O	O	O	O	
there	O	O	O	O	
was	O	O	O	O	
no	O	O	O	O	
stove	O	O	O	O	
.	O	O	O	O	

The	B-FAC	O	O	O	
waiting	I-FAC	O	O	O	
room	I-FAC	O	O	O	
was	O	O	O	O	
carpeted	O	O	O	O	
and	O	O	O	O	
stiffly	O	O	O	O	
furnished	O	O	O	O	
,	O	O	O	O	
something	O	O	O	O	
like	O	O	O	O	
a	B-FAC	O	O	O	
country	I-FAC	O	O	O	
parlor	I-FAC	O	O	O	
.	O	O	O	O	

The	B-FAC	O	O	O	
study	I-FAC	O	O	O	
had	O	O	O	O	
worn	O	O	O	O	
,	O	O	O	O	
unpainted	O	O	O	O	
floors	O	O	O	O	
,	O	O	O	O	
but	O	O	O	O	
there	O	O	O	O	
was	O	O	O	O	
a	O	O	O	O	
look	O	O	O	O	
of	O	O	O	O	
winter	O	O	O	O	
comfort	O	O	O	O	
about	O	O	O	O	
it	O	O	O	O	
.	O	O	O	O	

The	B-PER	O	O	O	
doctor	I-PER	O	O	O	
's	O	O	O	O	
flat-top	O	O	O	O	
desk	O	O	O	O	
was	O	O	O	O	
large	O	O	O	O	
and	O	O	O	O	
well	O	O	O	O	
made	O	O	O	O	
;	O	O	O	O	
the	O	O	O	O	
papers	O	O	O	O	
were	O	O	O	O	
in	O	O	O	O	
orderly	O	O	O	O	
piles	O	O	O	O	
,	O	O	O	O	
under	O	O	O	O	
glass	O	O	O	O	
weights	O	O	O	O	
.	O	O	O	O	

Behind	O	O	O	O	
the	O	O	O	O	
stove	O	O	O	O	
a	O	O	O	O	
wide	O	O	O	O	
bookcase	O	O	O	O	
,	O	O	O	O	
with	O	O	O	O	
double	O	O	O	O	
glass	O	O	O	O	
doors	O	O	O	O	
,	O	O	O	O	
reached	O	O	O	O	
from	O	O	O	O	
the	O	O	O	O	
floor	O	O	O	O	
to	O	O	O	O	
the	O	O	O	O	
ceiling	O	O	O	O	
.	O	O	O	O	

It	O	O	O	O	
was	O	O	O	O	
filled	O	O	O	O	
with	O	O	O	O	
medical	O	O	O	O	
books	O	O	O	O	
of	O	O	O	O	
every	O	O	O	O	
thickness	O	O	O	O	
and	O	O	O	O	
color	O	O	O	O	
.	O	O	O	O	

On	O	O	O	O	
the	O	O	O	O	
top	O	O	O	O	
shelf	O	O	O	O	
stood	O	O	O	O	
a	O	O	O	O	
long	O	O	O	O	
row	O	O	O	O	
of	O	O	O	O	
thirty	O	O	O	O	
or	O	O	O	O	
forty	O	O	O	O	
volumes	O	O	O	O	
,	O	O	O	O	
bound	O	O	O	O	
all	O	O	O	O	
alike	O	O	O	O	
in	O	O	O	O	
dark	O	O	O	O	
mottled	O	O	O	O	
board	O	O	O	O	
covers	O	O	O	O	
,	O	O	O	O	
with	O	O	O	O	
imitation	O	O	O	O	
leather	O	O	O	O	
backs	O	O	O	O	
.	O	O	O	O	

As	O	O	O	O	
the	O	O	B-PER	O	
doctor	O	O	I-PER	O	
in	O	O	I-PER	O	
New	B-LOC	B-GPE	I-PER	O	
England	I-LOC	I-GPE	I-PER	O	
villages	O	I-GPE	I-PER	O	
is	O	O	O	O	
proverbially	O	O	O	O	
old	O	O	O	O	
,	O	O	O	O	
so	O	O	O	O	
the	O	O	B-PER	O	
doctor	O	O	I-PER	O	
in	O	O	I-PER	O	
small	O	B-GPE	I-PER	O	
Colorado	B-GPE	I-GPE	I-PER	O	
towns	O	I-GPE	I-PER	O	
twenty-five	O	O	O	O	
years	O	O	O	O	
ago	O	O	O	O	
was	O	O	O	O	
generally	O	O	O	O	
young	O	O	O	O	
.	O	O	O	O	

Dr.	B-PER	B-PER	O	O	
Archie	O	I-PER	O	O	
was	O	O	O	O	
barely	O	O	O	O	
thirty	O	O	O	O	
.	O	O	O	O	

He	O	O	O	O	
was	O	O	O	O	
tall	O	O	O	O	
,	O	O	O	O	
with	O	O	O	O	
massive	O	O	O	O	
shoulders	O	O	O	O	
which	O	O	O	O	
he	O	O	O	O	
held	O	O	O	O	
stiffly	O	O	O	O	
,	O	O	O	O	
and	O	O	O	O	
a	O	O	O	O	
large	O	O	O	O	
,	O	O	O	O	
well-shaped	O	O	O	O	
head	O	O	O	O	
.	O	O	O	O	

He	O	O	O	O	
was	O	O	O	O	
a	B-PER	O	O	O	
distinguished-looking	I-PER	O	O	O	
man	I-PER	O	O	O	
,	O	O	O	O	
for	O	O	O	O	
that	O	B-LOC	O	O	
part	O	I-LOC	O	O	
of	O	I-LOC	O	O	
the	B-LOC	I-LOC	O	O	
world	I-LOC	I-LOC	O	O	
,	O	O	O	O	
at	O	O	O	O	
least	O	O	O	O	
.	O	O	O	O	

There	O	O	O	O	
was	O	O	O	O	
something	O	O	O	O	
individual	O	O	O	O	
in	O	O	O	O	
the	O	O	O	O	
way	O	O	O	O	
in	O	O	O	O	
which	O	O	O	O	
his	O	O	O	O	
reddish-brown	O	O	O	O	
hair	O	O	O	O	
,	O	O	O	O	
parted	O	O	O	O	
cleanly	O	O	O	O	
at	O	O	O	O	
the	O	O	O	O	
side	O	O	O	O	
,	O	O	O	O	
bushed	O	O	O	O	
over	O	O	O	O	
his	O	O	O	O	
high	O	O	O	O	
forehead	O	O	O	O	
.	O	O	O	O	

His	O	O	O	O	
nose	O	O	O	O	
was	O	O	O	O	
straight	O	O	O	O	
and	O	O	O	O	
thick	O	O	O	O	
,	O	O	O	O	
and	O	O	O	O	
his	O	O	O	O	
eyes	O	O	O	O	
were	O	O	O	O	
intelligent	O	O	O	O	
.	O	O	O	O	

He	O	O	O	O	
wore	O	O	O	O	
a	O	O	O	O	
curly	O	O	O	O	
,	O	O	O	O	
reddish	O	O	O	O	
mustache	O	O	O	O	
and	O	O	O	O	
an	O	O	O	O	
imperial	O	O	O	O	
,	O	O	O	O	
cut	O	O	O	O	
trimly	O	O	O	O	
,	O	O	O	O	
which	O	O	O	O	
made	O	O	O	O	
him	O	O	O	O	
look	O	O	O	O	
a	O	O	O	O	
little	O	O	O	O	
like	O	O	O	O	
the	O	O	O	O	
pictures	O	O	O	O	
of	O	O	O	O	
Napoleon	B-PER	O	O	O	
III	I-PER	O	O	O	
.	O	O	O	O	

His	O	O	O	O	
hands	O	O	O	O	
were	O	O	O	O	
large	O	O	O	O	
and	O	O	O	O	
well	O	O	O	O	
kept	O	O	O	O	
,	O	O	O	O	
but	O	O	O	O	
ruggedly	O	O	O	O	
formed	O	O	O	O	
,	O	O	O	O	
and	O	O	O	O	
the	O	O	O	O	
backs	O	O	O	O	
were	O	O	O	O	
shaded	O	O	O	O	
with	O	O	O	O	
crinkly	O	O	O	O	
reddish	O	O	O	O	
hair	O	O	O	O	
.	O	O	O	O	

He	O	O	O	O	
wore	O	O	O	O	
a	O	O	O	O	
blue	O	O	O	O	
suit	O	O	O	O	
of	O	O	O	O	
woolly	O	O	O	O	
,	O	O	O	O	
wide-waled	O	O	O	O	
serge	O	O	O	O	
;	O	O	O	O	
the	B-PER	O	O	O	
traveling	I-PER	O	O	O	
men	I-PER	O	O	O	
had	O	O	O	O	
known	O	O	O	O	
at	O	O	O	O	
a	O	O	O	O	
glance	O	O	O	O	
that	O	O	O	O	
it	O	O	O	O	
was	O	O	O	O	
made	O	O	O	O	
by	O	O	O	O	
a	O	B-PER	O	O	
Denver	B-GPE	I-PER	O	O	
tailor	O	I-PER	O	O	
.	O	O	O	O	

The	B-PER	O	O	O	
doctor	I-PER	O	O	O	
was	O	O	O	O	
always	O	O	O	O	
well	O	O	O	O	
dressed	O	O	O	O	
.	O	O	O	O	

Dr.	B-PER	B-PER	O	O	
Archie	O	I-PER	O	O	
turned	O	O	O	O	
up	O	O	O	O	
the	B-PER	O	O	O	
student	I-PER	O	O	O	
's	O	O	O	O	
lamp	O	O	O	O	
and	O	O	O	O	
sat	O	O	O	O	
down	O	O	O	O	
in	O	O	O	O	
the	O	O	O	O	
swivel	O	O	O	O	
chair	O	O	O	O	
before	O	O	O	O	
his	O	O	O	O	
desk	O	O	O	O	
.	O	O	O	O	

He	O	O	O	O	
sat	O	O	O	O	
uneasily	O	O	O	O	
,	O	O	O	O	
beating	O	O	O	O	
a	O	O	O	O	
tattoo	O	O	O	O	
on	O	O	O	O	
his	O	O	O	O	
knees	O	O	O	O	
with	O	O	O	O	
his	O	O	O	O	
fingers	O	O	O	O	
,	O	O	O	O	
and	O	O	O	O	
looked	O	O	O	O	
about	O	O	O	O	
him	O	O	O	O	
as	O	O	O	O	
if	O	O	O	O	
he	O	O	O	O	
were	O	O	O	O	
bored	O	O	O	O	
.	O	O	O	O	

He	O	O	O	O	
glanced	O	O	O	O	
at	O	O	O	O	
his	O	O	O	O	
watch	O	O	O	O	
,	O	O	O	O	
then	O	O	O	O	
absently	O	O	O	O	
took	O	O	O	O	
from	O	O	O	O	
his	O	O	O	O	
pocket	O	O	O	O	
a	O	O	O	O	
bunch	O	O	O	O	
of	O	O	O	O	
small	O	O	O	O	
keys	O	O	O	O	
,	O	O	O	O	
selected	O	O	O	O	
one	O	O	O	O	
and	O	O	O	O	
looked	O	O	O	O	
at	O	O	O	O	
it	O	O	O	O	
.	O	O	O	O	

A	O	O	O	O	
contemptuous	O	O	O	O	
smile	O	O	O	O	
,	O	O	O	O	
barely	O	O	O	O	
perceptible	O	O	O	O	
,	O	O	O	O	
played	O	O	O	O	
on	O	O	O	O	
his	O	O	O	O	
lips	O	O	O	O	
,	O	O	O	O	
but	O	O	O	O	
his	O	O	O	O	
eyes	O	O	O	O	
remained	O	O	O	O	
meditative	O	O	O	O	
.	O	O	O	O	

Behind	O	O	O	O	
the	O	O	O	O	
door	O	O	O	O	
that	O	O	O	O	
led	O	O	O	O	
into	O	O	O	O	
the	B-FAC	O	O	O	
hall	I-FAC	O	O	O	
,	O	O	O	O	
under	O	O	O	O	
his	O	O	O	O	
buffalo-skin	O	O	O	O	
driving-coat	O	O	O	O	
,	O	O	O	O	
was	O	O	O	O	
a	O	O	O	O	
locked	O	O	O	O	
cupboard	O	O	O	O	
.	O	O	O	O	

This	O	O	O	O	
the	B-PER	O	O	O	
doctor	I-PER	O	O	O	
opened	O	O	O	O	
mechanically	O	O	O	O	
,	O	O	O	O	
kicking	O	O	O	O	
aside	O	O	O	O	
a	O	O	O	O	
pile	O	O	O	O	
of	O	O	O	O	
muddy	O	O	O	O	
overshoes	O	O	O	O	
.	O	O	O	O	

Inside	O	O	O	O	
,	O	O	O	O	
on	O	O	O	O	
the	O	O	O	O	
shelves	O	O	O	O	
,	O	O	O	O	
were	O	O	O	O	
whiskey	O	O	O	O	
glasses	O	O	O	O	
and	O	O	O	O	
decanters	O	O	O	O	
,	O	O	O	O	
lemons	O	O	O	O	
,	O	O	O	O	
sugar	O	O	O	O	
,	O	O	O	O	
and	O	O	O	O	
bitters	O	O	O	O	
.	O	O	O	O	

Hearing	O	O	O	O	
a	O	O	O	O	
step	O	O	O	O	
in	O	O	O	O	
the	B-FAC	O	O	O	
empty	I-FAC	O	O	O	
,	I-FAC	O	O	O	
echoing	I-FAC	O	O	O	
hall	I-FAC	O	O	O	
without	O	O	O	O	
,	O	O	O	O	
the	B-PER	O	O	O	
doctor	I-PER	O	O	O	
closed	O	O	O	O	
the	O	O	O	O	
cupboard	O	O	O	O	
again	O	O	O	O	
,	O	O	O	O	
snapping	O	O	O	O	
the	O	O	O	O	
Yale	O	O	O	O	
lock	O	O	O	O	
.	O	O	O	O	

The	O	O	O	O	
door	O	O	O	O	
of	O	O	O	O	
the	B-FAC	O	O	O	
waiting-room	I-FAC	O	O	O	
opened	O	O	O	O	
,	O	O	O	O	
a	B-PER	O	O	O	
man	I-PER	O	O	O	
entered	O	O	O	O	
and	O	O	O	O	
came	O	O	O	O	
on	O	O	O	O	
into	O	O	O	O	
the	B-FAC	O	O	O	
consulting-room	I-FAC	O	O	O	
.	O	O	O	O	

“	O	O	O	O	
Good-evening	O	O	O	O	
,	O	O	O	O	
Mr.	B-PER	B-PER	O	O	
Kronborg	O	I-PER	O	O	
,	O	O	O	O	
”	O	O	O	O	
said	O	O	O	O	
the	B-PER	O	O	O	
doctor	I-PER	O	O	O	
carelessly	O	O	O	O	
.	O	O	O	O	

“	O	O	O	O	
Sit	O	O	O	O	
down	O	O	O	O	
.	O	O	O	O	
”	O	O	O	O	

His	B-PER	O	O	O	
visitor	I-PER	O	O	O	
was	O	O	O	O	
a	B-PER	O	O	O	
tall	I-PER	O	O	O	
,	I-PER	O	O	O	
loosely	I-PER	O	O	O	
built	I-PER	O	O	O	
man	I-PER	O	O	O	
,	I-PER	O	O	O	
with	I-PER	O	O	O	
a	I-PER	O	O	O	
thin	I-PER	O	O	O	
brown	I-PER	O	O	O	
beard	I-PER	O	O	O	
,	I-PER	O	O	O	
streaked	I-PER	O	O	O	
with	I-PER	O	O	O	
gray	I-PER	O	O	O	
.	O	O	O	O	

He	O	O	O	O	
wore	O	O	O	O	
a	O	O	O	O	
frock	O	O	O	O	
coat	O	O	O	O	
,	O	O	O	O	
a	O	O	O	O	
broad-brimmed	O	O	O	O	
black	O	O	O	O	
hat	O	O	O	O	
,	O	O	O	O	
a	O	O	O	O	
white	O	O	O	O	
lawn	O	O	O	O	
necktie	O	O	O	O	
,	O	O	O	O	
and	O	O	O	O	
steel	O	O	O	O	
rimmed	O	O	O	O	
spectacles	O	O	O	O	
.	O	O	O	O	

Altogether	O	O	O	O	
there	O	O	O	O	
was	O	O	O	O	
a	O	O	O	O	
pretentious	O	O	O	O	
and	O	O	O	O	
important	O	O	O	O	
air	O	O	O	O	
about	O	O	O	O	
him	O	O	O	O	
,	O	O	O	O	
as	O	O	O	O	
he	O	O	O	O	
lifted	O	O	O	O	
the	O	O	O	O	
skirts	O	O	O	O	
of	O	O	O	O	
his	O	O	O	O	
coat	O	O	O	O	
and	O	O	O	O	
sat	O	O	O	O	
down	O	O	O	O	
.	O	O	O	O	

“	O	O	O	O	
Good-evening	O	O	O	O	
,	O	O	O	O	
doctor	B-PER	O	O	O	
.	O	O	O	O	

Can	O	O	O	O	
you	O	O	O	O	
step	O	O	O	O	
around	O	O	O	O	
to	O	O	O	O	
the	B-FAC	O	O	O	
house	I-FAC	O	O	O	
with	O	O	O	O	
me	O	O	O	O	
?	O	O	O	O	

I	O	O	O	O	
think	O	O	O	O	
Mrs.	B-PER	B-PER	O	O	
Kronborg	O	I-PER	O	O	
will	O	O	O	O	
need	O	O	O	O	
you	O	O	O	O	
this	O	O	O	O	
evening	O	O	O	O	
.	O	O	O	O	
”	O	O	O	O	

This	O	O	O	O	
was	O	O	O	O	
said	O	O	O	O	
with	O	O	O	O	
profound	O	O	O	O	
gravity	O	O	O	O	
and	O	O	O	O	
,	O	O	O	O	
curiously	O	O	O	O	
enough	O	O	O	O	
,	O	O	O	O	
with	O	O	O	O	
a	O	O	O	O	
slight	O	O	O	O	
embarrassment	O	O	O	O	
.	O	O	O	O	

“	O	O	O	O	
Any	O	O	O	O	
hurry	O	O	O	O	
?	O	O	O	O	
”	O	O	O	O	
the	B-PER	O	O	O	
doctor	I-PER	O	O	O	
asked	O	O	O	O	
over	O	O	O	O	
his	O	O	O	O	
shoulder	O	O	O	O	
as	O	O	O	O	
he	O	O	O	O	
went	O	O	O	O	
into	O	O	O	O	
his	B-FAC	O	O	O	
operating-room	I-FAC	O	O	O	
.	O	O	O	O	

Mr.	B-PER	B-PER	O	O	
Kronborg	O	I-PER	O	O	
coughed	O	O	O	O	
behind	O	O	O	O	
his	O	O	O	O	
hand	O	O	O	O	
,	O	O	O	O	
and	O	O	O	O	
contracted	O	O	O	O	
his	O	O	O	O	
brows	O	O	O	O	
.	O	O	O	O	

His	O	O	O	O	
face	O	O	O	O	
threatened	O	O	O	O	
at	O	O	O	O	
every	O	O	O	O	
moment	O	O	O	O	
to	O	O	O	O	
break	O	O	O	O	
into	O	O	O	O	
a	O	O	O	O	
smile	O	O	O	O	
of	O	O	O	O	
foolish	O	O	O	O	
excitement	O	O	O	O	
.	O	O	O	O	

He	O	O	O	O	
controlled	O	O	O	O	
it	O	O	O	O	
only	O	O	O	O	
by	O	O	O	O	
calling	O	O	O	O	
upon	O	O	O	O	
his	O	O	O	O	
habitual	O	O	O	O	
pulpit	O	O	O	O	
manner	O	O	O	O	
.	O	O	O	O	

“	O	O	O	O	
Well	O	O	O	O	
,	O	O	O	O	
I	O	O	O	O	
think	O	O	O	O	
it	O	O	O	O	
would	O	O	O	O	
be	O	O	O	O	
as	O	O	O	O	
well	O	O	O	O	
to	O	O	O	O	
go	O	O	O	O	
immediately	O	O	O	O	
.	O	O	O	O	

Mrs.	B-PER	B-PER	O	O	
Kronborg	O	I-PER	O	O	
will	O	O	O	O	
be	O	O	O	O	
more	O	O	O	O	
comfortable	O	O	O	O	
if	O	O	O	O	
you	O	O	O	O	
are	O	O	O	O	
there	O	O	O	O	
.	O	O	O	O	

She	O	O	O	O	
has	O	O	O	O	
been	O	O	O	O	
suffering	O	O	O	O	
for	O	O	O	O	
some	O	O	O	O	
time	O	O	O	O	
.	O	O	O	O	
”	O	O	O	O	

The	B-PER	O	O	O	
doctor	I-PER	O	O	O	
came	O	O	O	O	
back	O	O	O	O	
and	O	O	O	O	
threw	O	O	O	O	
a	O	O	O	O	
black	O	O	O	O	
bag	O	O	O	O	
upon	O	O	O	O	
his	O	O	O	O	
desk	O	O	O	O	
.	O	O	O	O	

He	O	O	O	O	
wrote	O	O	O	O	
some	O	O	O	O	
instructions	O	O	O	O	
for	O	O	O	O	
his	B-PER	O	O	O	
man	I-PER	O	O	O	
on	O	O	O	O	
a	O	O	O	O	
prescription	O	O	O	O	
pad	O	O	O	O	
and	O	O	O	O	
then	O	O	O	O	
drew	O	O	O	O	
on	O	O	O	O	
his	O	O	O	O	
overcoat	O	O	O	O	
.	O	O	O	O	

“	O	O	O	O	
All	O	O	O	O	
ready	O	O	O	O	
,	O	O	O	O	
”	O	O	O	O	
he	O	O	O	O	
announced	O	O	O	O	
,	O	O	O	O	
putting	O	O	O	O	
out	O	O	O	O	
his	O	O	O	O	
lamp	O	O	O	O	
.	O	O	O	O	

Mr.	B-PER	B-PER	O	O	
Kronborg	O	I-PER	O	O	
rose	O	O	O	O	
and	O	O	O	O	
they	O	O	O	O	
tramped	O	O	O	O	
through	O	O	O	O	
the	B-FAC	O	O	O	
empty	I-FAC	O	O	O	
hall	I-FAC	O	O	O	
and	O	O	O	O	
down	O	O	O	O	
the	B-FAC	O	O	O	
stairway	I-FAC	O	O	O	
to	O	O	O	O	
the	B-FAC	O	O	O	
street	I-FAC	O	O	O	
.	O	O	O	O	

The	B-FAC	O	O	O	
drug	I-FAC	O	O	O	
store	I-FAC	O	O	O	
below	O	O	O	O	
was	O	O	O	O	
dark	O	O	O	O	
,	O	O	O	O	
and	O	O	O	O	
the	B-FAC	O	O	O	
saloon	I-FAC	O	O	O	
next	O	O	O	O	
door	O	O	O	O	
was	O	O	O	O	
just	O	O	O	O	
closing	O	O	O	O	
.	O	O	O	O	

Every	O	O	O	O	
other	O	O	O	O	
light	O	O	O	O	
on	O	O	O	O	
Main	B-FAC	O	O	O	
Street	I-FAC	O	O	O	
was	O	O	O	O	
out	O	O	O	O	
.	O	O	O	O	

On	O	O	O	O	
either	O	O	O	O	
side	O	O	O	O	
of	O	O	O	O	
the	B-FAC	O	O	O	
road	I-FAC	O	O	O	
and	O	O	O	O	
at	O	O	O	O	
the	O	O	O	O	
outer	O	O	O	O	
edge	O	O	O	O	
of	O	O	O	O	
the	B-FAC	O	O	O	
board	I-FAC	O	O	O	
sidewalk	I-FAC	O	O	O	
,	O	O	O	O	
the	O	O	O	O	
snow	O	O	O	O	
had	O	O	O	O	
been	O	O	O	O	
shoveled	O	O	O	O	
into	O	O	O	O	
breastworks	O	O	O	O	
.	O	O	O	O	

The	B-GPE	O	O	O	
town	I-GPE	O	O	O	
looked	O	O	O	O	
small	O	O	O	O	
and	O	O	O	O	
black	O	O	O	O	
,	O	O	O	O	
flattened	O	O	O	O	
down	O	O	O	O	
in	O	O	O	O	
the	O	O	O	O	
snow	O	O	O	O	
,	O	O	O	O	
muffled	O	O	O	O	
and	O	O	O	O	
all	O	O	O	O	
but	O	O	O	O	
extinguished	O	O	O	O	
.	O	O	O	O	

Overhead	O	O	O	O	
the	O	O	O	O	
stars	O	O	O	O	
shone	O	O	O	O	
gloriously	O	O	O	O	
.	O	O	O	O	

It	O	O	O	O	
was	O	O	O	O	
impossible	O	O	O	O	
not	O	O	O	O	
to	O	O	O	O	
notice	O	O	O	O	
them	O	O	O	O	
.	O	O	O	O	

The	O	O	O	O	
air	O	O	O	O	
was	O	O	O	O	
so	O	O	O	O	
clear	O	O	O	O	
that	O	O	O	O	
the	O	B-LOC	O	O	
white	O	I-LOC	O	O	
sand	O	I-LOC	O	O	
hills	O	I-LOC	O	O	
to	O	I-LOC	O	O	
the	O	I-LOC	O	O	
east	O	I-LOC	O	O	
of	O	I-LOC	O	O	
Moonstone	B-GPE	I-LOC	O	O	
gleamed	O	O	O	O	
softly	O	O	O	O	
.	O	O	O	O	

Following	O	O	O	O	
the	B-PER	O	O	O	
Reverend	I-PER	O	O	O	
Mr.	B-PER	B-PER	O	O	
Kronborg	O	I-PER	O	O	
along	O	O	O	O	
the	B-FAC	O	O	O	
narrow	I-FAC	O	O	O	
walk	I-FAC	O	O	O	
,	O	O	O	O	
past	O	O	O	O	
the	B-FAC	O	O	O	
little	I-FAC	O	O	O	
dark	I-FAC	O	O	O	
,	I-FAC	O	O	O	
sleeping	I-FAC	O	O	O	
houses	I-FAC	O	O	O	
,	O	O	O	O	
the	B-PER	O	O	O	
doctor	I-PER	O	O	O	
looked	O	O	O	O	
up	O	O	O	O	
at	O	O	O	O	
the	O	O	O	O	
flashing	O	O	O	O	
night	O	O	O	O	
and	O	O	O	O	
whistled	O	O	O	O	
softly	O	O	O	O	
.	O	O	O	O	

It	O	O	O	O	
did	O	O	O	O	
seem	O	O	O	O	
that	O	O	O	O	
people	B-PER	O	O	O	
were	O	O	O	O	
stupider	O	O	O	O	
than	O	O	O	O	
they	O	O	O	O	
need	O	O	O	O	
be	O	O	O	O	
;	O	O	O	O	
as	O	O	O	O	
if	O	O	O	O	
on	O	O	O	O	
a	O	O	O	O	
night	O	O	O	O	
like	O	O	O	O	
this	O	O	O	O	
there	O	O	O	O	
ought	O	O	O	O	
to	O	O	O	O	
be	O	O	O	O	
something	O	O	O	O	
better	O	O	O	O	
to	O	O	O	O	
do	O	O	O	O	
than	O	O	O	O	
to	O	O	O	O	
sleep	O	O	O	O	
nine	O	O	O	O	
hours	O	O	O	O	
,	O	O	O	O	
or	O	O	O	O	
to	O	O	O	O	
assist	O	O	O	O	
Mrs.	B-PER	B-PER	O	O	
Kronborg	O	I-PER	O	O	
in	O	O	O	O	
functions	O	O	O	O	
which	O	O	O	O	
she	O	O	O	O	
could	O	O	O	O	
have	O	O	O	O	
performed	O	O	O	O	
so	O	O	O	O	
admirably	O	O	O	O	
unaided	O	O	O	O	
.	O	O	O	O	

He	O	O	O	O	
wished	O	O	O	O	
he	O	O	O	O	
had	O	O	O	O	
gone	O	O	O	O	
down	O	O	O	O	
to	O	O	O	O	
Denver	B-GPE	O	O	O	
to	O	O	O	O	
hear	O	O	O	O	
Fay	B-PER	O	O	O	
Templeton	I-PER	O	O	O	
sing	O	O	O	O	
“	O	O	O	O	
See-Saw	O	O	O	O	
.	O	O	O	O	
”	O	O	O	O	

Then	O	O	O	O	
he	O	O	O	O	
remembered	O	O	O	O	
that	O	O	O	O	
he	O	O	O	O	
had	O	O	O	O	
a	O	O	O	O	
personal	O	O	O	O	
interest	O	O	O	O	
in	O	O	O	O	
this	B-PER	O	O	O	
family	I-PER	O	O	O	
,	O	O	O	O	
after	O	O	O	O	
all	O	O	O	O	
.	O	O	O	O	

They	O	O	O	O	
turned	O	O	O	O	
into	O	O	O	O	
another	B-FAC	O	O	O	
street	I-FAC	O	O	O	
and	O	O	O	O	
saw	O	O	O	O	
before	O	O	O	O	
them	O	O	O	O	
lighted	O	O	O	O	
windows	O	O	O	O	
;	O	O	O	O	
a	O	B-FAC	O	O	
low	O	I-FAC	O	O	
story-and-a-half	O	I-FAC	O	O	
house	O	I-FAC	O	O	
,	O	I-FAC	O	O	
with	O	I-FAC	O	O	
a	O	I-FAC	O	O	
wing	O	I-FAC	O	O	
built	O	I-FAC	O	O	
on	O	I-FAC	O	O	
at	O	I-FAC	O	O	
the	O	I-FAC	O	O	
right	O	I-FAC	O	O	
and	O	I-FAC	O	O	
a	O	I-FAC	O	O	
kitchen	B-FAC	I-FAC	O	O	
addition	O	I-FAC	O	O	
at	O	I-FAC	O	O	
the	O	I-FAC	O	O	
back	O	I-FAC	O	O	
,	O	O	O	O	
everything	O	O	O	O	
a	O	O	O	O	
little	O	O	O	O	
on	O	O	O	O	
the	O	O	O	O	
slant	O	O	O	O	
--	O	O	O	O	
roofs	O	O	O	O	
,	O	O	O	O	
windows	O	O	O	O	
,	O	O	O	O	
and	O	O	O	O	
doors	O	O	O	O	
.	O	O	O	O	

As	O	O	O	O	
they	O	O	O	O	
approached	O	O	O	O	
the	O	O	O	O	
gate	O	O	O	O	
,	O	O	O	O	
Peter	B-PER	O	O	O	
Kronborg	I-PER	O	O	O	
's	O	O	O	O	
pace	O	O	O	O	
grew	O	O	O	O	
brisker	O	O	O	O	
.	O	O	O	O	

His	O	O	O	O	
nervous	O	O	O	O	
,	O	O	O	O	
ministerial	O	O	O	O	
cough	O	O	O	O	
annoyed	O	O	O	O	
the	B-PER	O	O	O	
doctor	I-PER	O	O	O	
.	O	O	O	O	

“	O	O	O	O	
Exactly	O	O	O	O	
as	O	O	O	O	
if	O	O	O	O	
he	O	O	O	O	
were	O	O	O	O	
going	O	O	O	O	
to	O	O	O	O	
give	O	O	O	O	
out	O	O	O	O	
a	O	O	O	O	
text	O	O	O	O	
,	O	O	O	O	
”	O	O	O	O	
he	O	O	O	O	
thought	O	O	O	O	
.	O	O	O	O	

He	O	O	O	O	
drew	O	O	O	O	
off	O	O	O	O	
his	O	O	O	O	
glove	O	O	O	O	
and	O	O	O	O	
felt	O	O	O	O	
in	O	O	O	O	
his	O	O	O	O	
vest	O	O	O	O	
pocket	O	O	O	O	
.	O	O	O	O	

“	O	O	O	O	
Have	O	O	O	O	
a	O	O	O	O	
troche	O	O	O	O	
,	O	O	O	O	
Kronborg	B-PER	O	O	O	
,	O	O	O	O	
”	O	O	O	O	
he	O	O	O	O	
said	O	O	O	O	
,	O	O	O	O	
producing	O	O	O	O	
some	O	O	O	O	
.	O	O	O	O	

“	O	O	O	O	
Sent	O	O	O	O	
me	O	O	O	O	
for	O	O	O	O	
samples	O	O	O	O	
.	O	O	O	O	

Very	O	O	O	O	
good	O	O	O	O	
for	O	O	O	O	
a	O	O	O	O	
rough	O	O	O	O	
throat	O	O	O	O	
.	O	O	O	O	
”	O	O	O	O	

“	O	O	O	O	
Ah	O	O	O	O	
,	O	O	O	O	
thank	O	O	O	O	
you	O	O	O	O	
,	O	O	O	O	
thank	O	O	O	O	
you	O	O	O	O	
.	O	O	O	O	

I	O	O	O	O	
was	O	O	O	O	
in	O	O	O	O	
something	O	O	O	O	
of	O	O	O	O	
a	O	O	O	O	
hurry	O	O	O	O	
.	O	O	O	O	

I	O	O	O	O	
neglected	O	O	O	O	
to	O	O	O	O	
put	O	O	O	O	
on	O	O	O	O	
my	O	O	O	O	
overshoes	O	O	O	O	
.	O	O	O	O	

Here	O	O	O	O	
we	O	O	O	O	
are	O	O	O	O	
,	O	O	O	O	
doctor	B-PER	O	O	O	
.	O	O	O	O	
”	O	O	O	O	

Kronborg	B-PER	O	O	O	
opened	O	O	O	O	
his	O	O	O	O	
front	O	O	O	O	
door	O	O	O	O	
--	O	O	O	O	
seemed	O	O	O	O	
delighted	O	O	O	O	
to	O	O	O	O	
be	O	O	O	O	
at	O	O	O	O	
home	B-FAC	O	O	O	
again	O	O	O	O	
.	O	O	O	O	

The	B-FAC	O	O	O	
front	I-FAC	O	O	O	
hall	I-FAC	O	O	O	
was	O	O	O	O	
dark	O	O	O	O	
and	O	O	O	O	
cold	O	O	O	O	
;	O	O	O	O	
the	O	O	O	O	
hatrack	O	O	O	O	
was	O	O	O	O	
hung	O	O	O	O	
with	O	O	O	O	
an	O	O	O	O	
astonishing	O	O	O	O	
number	O	O	O	O	
of	O	O	O	O	
children	B-PER	O	O	O	
's	O	O	O	O	
hats	O	O	O	O	
and	O	O	O	O	
caps	O	O	O	O	
and	O	O	O	O	
cloaks	O	O	O	O	
.	O	O	O	O	

They	O	O	O	O	
were	O	O	O	O	
even	O	O	O	O	
piled	O	O	O	O	
on	O	O	O	O	
the	O	O	O	O	
table	O	O	O	O	
beneath	O	O	O	O	
the	O	O	O	O	
hatrack	O	O	O	O	
.	O	O	O	O	

Under	O	O	O	O	
the	O	O	O	O	
table	O	O	O	O	
was	O	O	O	O	
a	O	O	O	O	
heap	O	O	O	O	
of	O	O	O	O	
rubbers	O	O	O	O	
and	O	O	O	O	
overshoes	O	O	O	O	
.	O	O	O	O	

While	O	O	O	O	
the	B-PER	O	O	O	
doctor	I-PER	O	O	O	
hung	O	O	O	O	
up	O	O	O	O	
his	O	O	O	O	
coat	O	O	O	O	
and	O	O	O	O	
hat	O	O	O	O	
,	O	O	O	O	
Peter	B-PER	O	O	O	
Kronborg	I-PER	O	O	O	
opened	O	O	O	O	
the	O	O	O	O	
door	O	O	O	O	
into	O	O	O	O	
the	B-FAC	O	O	O	
living-room	I-FAC	O	O	O	
.	O	O	O	O	

A	O	O	O	O	
glare	O	O	O	O	
of	O	O	O	O	
light	O	O	O	O	
greeted	O	O	O	O	
them	O	O	O	O	
,	O	O	O	O	
and	O	O	O	O	
a	O	O	O	O	
rush	O	O	O	O	
of	O	O	O	O	
hot	O	O	O	O	
,	O	O	O	O	
stale	O	O	O	O	
air	O	O	O	O	
,	O	O	O	O	
smelling	O	O	O	O	
of	O	O	O	O	
warming	O	O	O	O	
flannels	O	O	O	O	
.	O	O	O	O	

At	O	O	O	O	
three	O	O	O	O	
o'clock	O	O	O	O	
in	O	O	O	O	
the	O	O	O	O	
morning	O	O	O	O	
Dr.	B-PER	B-PER	O	O	
Archie	O	I-PER	O	O	
was	O	O	O	O	
in	O	O	O	O	
the	B-FAC	O	O	O	
parlor	I-FAC	O	O	O	
putting	O	O	O	O	
on	O	O	O	O	
his	O	O	O	O	
cuffs	O	O	O	O	
and	O	O	O	O	
coat	O	O	O	O	
--	O	O	O	O	
there	O	O	O	O	
was	O	O	O	O	
no	B-FAC	O	O	O	
spare	I-FAC	O	O	O	
bedroom	I-FAC	O	O	O	
in	O	O	O	O	
that	B-FAC	O	O	O	
house	I-FAC	O	O	O	
.	O	O	O	O	

Peter	B-PER	B-PER	O	O	
Kronborg	I-PER	I-PER	O	O	
's	O	I-PER	O	O	
seventh	O	I-PER	O	O	
child	O	I-PER	O	O	
,	O	O	O	O	
a	B-PER	O	O	O	
boy	I-PER	O	O	O	
,	O	O	O	O	
was	O	O	O	O	
being	O	O	O	O	
soothed	O	O	O	O	
and	O	O	O	O	
cosseted	O	O	O	O	
by	O	O	O	O	
his	B-PER	O	O	O	
aunt	I-PER	O	O	O	
,	O	O	O	O	
Mrs.	B-PER	B-PER	O	O	
Kronborg	O	I-PER	O	O	
was	O	O	O	O	
asleep	O	O	O	O	
,	O	O	O	O	
and	O	O	O	O	
the	B-PER	O	O	O	
doctor	I-PER	O	O	O	
was	O	O	O	O	
going	O	O	O	O	
home	B-FAC	O	O	O	
.	O	O	O	O	

But	O	O	O	O	
he	O	O	O	O	
wanted	O	O	O	O	
first	O	O	O	O	
to	O	O	O	O	
speak	O	O	O	O	
to	O	O	O	O	
Kronborg	B-PER	O	O	O	
,	O	O	O	O	
who	O	O	O	O	
,	O	O	O	O	
coatless	O	O	O	O	
and	O	O	O	O	
fluttery	O	O	O	O	
,	O	O	O	O	
was	O	O	O	O	
pouring	O	O	O	O	
coal	O	O	O	O	
into	O	O	O	O	
the	O	O	O	O	
kitchen	B-FAC	O	O	O	
stove	O	O	O	O	
.	O	O	O	O	

As	O	O	O	O	
the	B-PER	O	O	O	
doctor	I-PER	O	O	O	
crossed	O	O	O	O	
the	B-FAC	O	O	O	
dining-room	I-FAC	O	O	O	
he	O	O	O	O	
paused	O	O	O	O	
and	O	O	O	O	
listened	O	O	O	O	
.	O	O	O	O	

From	O	O	O	O	
one	O	B-FAC	O	O	
of	O	I-FAC	O	O	
the	B-FAC	I-FAC	O	O	
wing	I-FAC	I-FAC	O	O	
rooms	I-FAC	I-FAC	O	O	
,	O	O	O	O	
off	O	O	O	O	
to	O	O	O	O	
the	O	O	O	O	
left	O	O	O	O	
,	O	O	O	O	
he	O	O	O	O	
heard	O	O	O	O	
rapid	O	O	O	O	
,	O	O	O	O	
distressed	O	O	O	O	
breathing	O	O	O	O	
.	O	O	O	O	

He	O	O	O	O	
went	O	O	O	O	
to	O	O	O	O	
the	O	O	O	O	
kitchen	B-FAC	O	O	O	
door	O	O	O	O	
.	O	O	O	O	

“	O	O	O	O	
One	O	B-PER	O	O	
of	O	I-PER	O	O	
the	B-PER	I-PER	O	O	
children	I-PER	I-PER	O	O	
sick	O	O	O	O	
in	O	O	O	O	
there	B-FAC	O	O	O	
?	O	O	O	O	
”	O	O	O	O	
he	O	O	O	O	
asked	O	O	O	O	
,	O	O	O	O	
nodding	O	O	O	O	
toward	O	O	O	O	
the	O	O	O	O	
partition	O	O	O	O	
.	O	O	O	O	

Kronborg	B-PER	O	O	O	
hung	O	O	O	O	
up	O	O	O	O	
the	O	O	O	O	
stove-lifter	O	O	O	O	
and	O	O	O	O	
dusted	O	O	O	O	
his	O	O	O	O	
fingers	O	O	O	O	
.	O	O	O	O	

“	O	O	O	O	
It	O	O	O	O	
must	O	O	O	O	
be	O	O	O	O	
Thea	B-PER	O	O	O	
.	O	O	O	O	

I	O	O	O	O	
meant	O	O	O	O	
to	O	O	O	O	
ask	O	O	O	O	
you	O	O	O	O	
to	O	O	O	O	
look	O	O	O	O	
at	O	O	O	O	
her	O	O	O	O	
.	O	O	O	O	

She	O	O	O	O	
has	O	O	O	O	
a	O	O	O	O	
croupy	O	O	O	O	
cold	O	O	O	O	
.	O	O	O	O	

But	O	O	O	O	
in	O	O	O	O	
my	O	O	O	O	
excitement	O	O	O	O	
--	O	O	O	O	
Mrs.	B-PER	B-PER	O	O	
Kronborg	O	I-PER	O	O	
is	O	O	O	O	
doing	O	O	O	O	
finely	O	O	O	O	
,	O	O	O	O	
eh	O	O	O	O	
,	O	O	O	O	
doctor	B-PER	O	O	O	
?	O	O	O	O	

Not	O	O	O	O	
many	O	B-PER	O	O	
of	O	I-PER	O	O	
your	B-PER	I-PER	O	O	
patients	I-PER	I-PER	O	O	
with	O	O	O	O	
such	O	O	O	O	
a	O	O	O	O	
constitution	O	O	O	O	
,	O	O	O	O	
I	O	O	O	O	
expect	O	O	O	O	
.	O	O	O	O	
”	O	O	O	O	

“	O	O	O	O	
Oh	O	O	O	O	
,	O	O	O	O	
yes	O	O	O	O	
.	O	O	O	O	

She	O	O	O	O	
's	O	O	O	O	
a	B-PER	O	O	O	
fine	I-PER	O	O	O	
mother	I-PER	O	O	O	
.	O	O	O	O	
”	O	O	O	O	

The	B-PER	O	O	O	
doctor	I-PER	O	O	O	
took	O	O	O	O	
up	O	O	O	O	
the	O	O	O	O	
lamp	O	O	O	O	
from	O	O	O	O	
the	O	O	O	O	
kitchen	B-FAC	O	O	O	
table	O	O	O	O	
and	O	O	O	O	
unceremoniously	O	O	O	O	
went	O	O	O	O	
into	O	O	O	O	
the	B-FAC	O	O	O	
wing	I-FAC	O	O	O	
room	I-FAC	O	O	O	
.	O	O	O	O	

Two	B-PER	O	O	O	
chubby	I-PER	O	O	O	
little	I-PER	O	O	O	
boys	I-PER	O	O	O	
were	O	O	O	O	
asleep	O	O	O	O	
in	O	O	O	O	
a	O	O	O	O	
double	O	O	O	O	
bed	O	O	O	O	
,	O	O	O	O	
with	O	O	O	O	
the	O	O	O	O	
coverlids	O	O	O	O	
over	O	O	O	O	
their	O	O	O	O	
noses	O	O	O	O	
and	O	O	O	O	
their	O	O	O	O	
feet	O	O	O	O	
drawn	O	O	O	O	
up	O	O	O	O	
.	O	O	O	O	

In	O	O	O	O	
a	O	O	O	O	
single	O	O	O	O	
bed	O	O	O	O	
,	O	O	O	O	
next	O	O	O	O	
to	O	O	O	O	
theirs	O	O	O	O	
,	O	O	O	O	
lay	O	O	O	O	
a	B-PER	O	O	O	
little	I-PER	O	O	O	
girl	I-PER	O	O	O	
of	I-PER	O	O	O	
eleven	I-PER	O	O	O	
,	O	O	O	O	
wide	O	O	O	O	
awake	O	O	O	O	
,	O	O	O	O	
two	O	O	O	O	
yellow	O	O	O	O	
braids	O	O	O	O	
sticking	O	O	O	O	
up	O	O	O	O	
on	O	O	O	O	
the	O	O	O	O	
pillow	O	O	O	O	
behind	O	O	O	O	
her	O	O	O	O	
.	O	O	O	O	

Her	O	O	O	O	
face	O	O	O	O	
was	O	O	O	O	
scarlet	O	O	O	O	
and	O	O	O	O	
her	O	O	O	O	
eyes	O	O	O	O	
were	O	O	O	O	
blazing	O	O	O	O	
.	O	O	O	O	

The	B-PER	O	O	O	
doctor	I-PER	O	O	O	
shut	O	O	O	O	
the	O	O	O	O	
door	O	O	O	O	
behind	O	O	O	O	
him	O	O	O	O	
.	O	O	O	O	

“	O	O	O	O	
Feel	O	O	O	O	
pretty	O	O	O	O	
sick	O	O	O	O	
,	O	O	O	O	
Thea	B-PER	O	O	O	
?	O	O	O	O	
”	O	O	O	O	
he	O	O	O	O	
asked	O	O	O	O	
as	O	O	O	O	
he	O	O	O	O	
took	O	O	O	O	
out	O	O	O	O	
his	O	O	O	O	
thermometer	O	O	O	O	
.	O	O	O	O	

“	O	O	O	O	
Why	O	O	O	O	
did	O	O	O	O	
n't	O	O	O	O	
you	O	O	O	O	
call	O	O	O	O	
somebody	B-PER	O	O	O	
?	O	O	O	O	
”	O	O	O	O	

She	O	O	O	O	
looked	O	O	O	O	
at	O	O	O	O	
him	O	O	O	O	
with	O	O	O	O	
greedy	O	O	O	O	
affection	O	O	O	O	
.	O	O	O	O	

“	O	O	O	O	
I	O	O	O	O	
thought	O	O	O	O	
you	O	O	O	O	
were	O	O	O	O	
here	O	O	O	O	
,	O	O	O	O	
”	O	O	O	O	
she	O	O	O	O	
spoke	O	O	O	O	
between	O	O	O	O	
quick	O	O	O	O	
breaths	O	O	O	O	
.	O	O	O	O	

“	O	O	O	O	
There	O	O	O	O	
is	O	O	O	O	
a	B-PER	O	O	O	
new	I-PER	O	O	O	
baby	I-PER	O	O	O	
,	O	O	O	O	
is	O	O	O	O	
n't	O	O	O	O	
there	O	O	O	O	
?	O	O	O	O	

Which	O	O	O	O	
?	O	O	O	O	
”	O	O	O	O	

“	O	O	O	O	
Which	O	O	O	O	
?	O	O	O	O	
”	O	O	O	O	
repeated	O	O	O	O	
the	B-PER	O	O	O	
doctor	I-PER	O	O	O	
.	O	O	O	O	

“	O	O	O	O	
Brother	B-PER	O	O	O	
or	O	O	O	O	
sister	B-PER	O	O	O	
?	O	O	O	O	
”	O	O	O	O	

He	O	O	O	O	
smiled	O	O	O	O	
and	O	O	O	O	
sat	O	O	O	O	
down	O	O	O	O	
on	O	O	O	O	
the	O	O	O	O	
edge	O	O	O	O	
of	O	O	O	O	
the	O	O	O	O	
bed	O	O	O	O	
.	O	O	O	O	

“	O	O	O	O	
Brother	B-PER	O	O	O	
,	O	O	O	O	
”	O	O	O	O	
he	O	O	O	O	
said	O	O	O	O	
,	O	O	O	O	
taking	O	O	O	O	
her	O	O	O	O	
hand	O	O	O	O	
.	O	O	O	O	

“	O	O	O	O	
Open	O	O	O	O	
.	O	O	O	O	
”	O	O	O	O	

“	O	O	O	O	
Good	O	O	O	O	
.	O	O	O	O	

Brothers	B-PER	O	O	O	
are	O	O	O	O	
better	O	O	O	O	
,	O	O	O	O	
”	O	O	O	O	
she	O	O	O	O	
murmured	O	O	O	O	
as	O	O	O	O	
he	O	O	O	O	
put	O	O	O	O	
the	O	O	O	O	
glass	O	O	O	O	
tube	O	O	O	O	
under	O	O	O	O	
her	O	O	O	O	
tongue	O	O	O	O	
.	O	O	O	O	

“	O	O	O	O	
Now	O	O	O	O	
,	O	O	O	O	
be	O	O	O	O	
still	O	O	O	O	
,	O	O	O	O	
I	O	O	O	O	
want	O	O	O	O	
to	O	O	O	O	
count	O	O	O	O	
.	O	O	O	O	
”	O	O	O	O	

Dr.	B-PER	B-PER	O	O	
Archie	O	I-PER	O	O	
reached	O	O	O	O	
for	O	O	O	O	
her	O	O	O	O	
hand	O	O	O	O	
and	O	O	O	O	
took	O	O	O	O	
out	O	O	O	O	
his	O	O	O	O	
watch	O	O	O	O	
.	O	O	O	O	

When	O	O	O	O	
he	O	O	O	O	
put	O	O	O	O	
her	O	O	O	O	
hand	O	O	O	O	
back	O	O	O	O	
under	O	O	O	O	
the	O	O	O	O	
quilt	O	O	O	O	
he	O	O	O	O	
went	O	O	O	O	
over	O	O	O	O	
to	O	O	O	O	
one	O	O	O	O	
of	O	O	O	O	
the	O	O	O	O	
windows	O	O	O	O	
--	O	O	O	O	
they	O	O	O	O	
were	O	O	O	O	
both	O	O	O	O	
tight	O	O	O	O	
shut	O	O	O	O	
--	O	O	O	O	
and	O	O	O	O	
lifted	O	O	O	O	
it	O	O	O	O	
a	O	O	O	O	
little	O	O	O	O	
way	O	O	O	O	
.	O	O	O	O	

He	O	O	O	O	
reached	O	O	O	O	
up	O	O	O	O	
and	O	O	O	O	
ran	O	O	O	O	
his	O	O	O	O	
hand	O	O	O	O	
along	O	O	O	O	
the	O	O	O	O	
cold	O	O	O	O	
,	O	O	O	O	
unpapered	O	O	O	O	
wall	O	O	O	O	
.	O	O	O	O	

“	O	O	O	O	
Keep	O	O	O	O	
under	O	O	O	O	
the	O	O	O	O	
covers	O	O	O	O	
;	O	O	O	O	
I	O	O	O	O	
'll	O	O	O	O	
come	O	O	O	O	
back	O	O	O	O	
to	O	O	O	O	
you	O	O	O	O	
in	O	O	O	O	
a	O	O	O	O	
moment	O	O	O	O	
,	O	O	O	O	
”	O	O	O	O	
he	O	O	O	O	
said	O	O	O	O	
,	O	O	O	O	
bending	O	O	O	O	
over	O	O	O	O	
the	O	O	O	O	
glass	O	O	O	O	
lamp	O	O	O	O	
with	O	O	O	O	
his	O	O	O	O	
thermometer	O	O	O	O	
.	O	O	O	O	

He	O	O	O	O	
winked	O	O	O	O	
at	O	O	O	O	
her	O	O	O	O	
from	O	O	O	O	
the	O	O	O	O	
door	O	O	O	O	
before	O	O	O	O	
he	O	O	O	O	
shut	O	O	O	O	
it	O	O	O	O	
.	O	O	O	O	

Peter	B-PER	O	O	O	
Kronborg	I-PER	O	O	O	
was	O	O	O	O	
sitting	O	O	O	O	
in	O	O	O	O	
his	B-PER	B-FAC	O	O	
wife	I-PER	I-FAC	O	O	
's	O	I-FAC	O	O	
room	O	I-FAC	O	O	
,	O	O	O	O	
holding	O	O	O	O	
the	O	O	O	O	
bundle	O	O	O	O	
which	O	O	O	O	
contained	O	O	O	O	
his	B-PER	O	O	O	
son	I-PER	O	O	O	
.	O	O	O	O	

His	O	O	O	O	
air	O	O	O	O	
of	O	O	O	O	
cheerful	O	O	O	O	
importance	O	O	O	O	
,	O	O	O	O	
his	O	O	O	O	
beard	O	O	O	O	
and	O	O	O	O	
glasses	O	O	O	O	
,	O	O	O	O	
even	O	O	O	O	
his	O	O	O	O	
shirt-sleeves	O	O	O	O	
,	O	O	O	O	
annoyed	O	O	O	O	
the	B-PER	O	O	O	
doctor	I-PER	O	O	O	
.	O	O	O	O	

He	O	O	O	O	
beckoned	O	O	O	O	
Kronborg	B-PER	O	O	O	
into	O	O	O	O	
the	B-FAC	O	O	O	
living-room	I-FAC	O	O	O	
and	O	O	O	O	
said	O	O	O	O	
sternly	O	O	O	O	
:	O	O	O	O	
--	O	O	O	O	
“	O	O	O	O	
You	O	O	O	O	
've	O	O	O	O	
got	O	O	O	O	
a	B-PER	O	O	O	
very	I-PER	O	O	O	
sick	I-PER	O	O	O	
child	I-PER	O	O	O	
in	O	O	O	O	
there	B-FAC	O	O	O	
.	O	O	O	O	

Why	O	O	O	O	
did	O	O	O	O	
n't	O	O	O	O	
you	O	O	O	O	
call	O	O	O	O	
me	O	O	O	O	
before	O	O	O	O	
?	O	O	O	O	

It	O	O	O	O	
's	O	O	O	O	
pneumonia	O	O	O	O	
,	O	O	O	O	
and	O	O	O	O	
she	O	O	O	O	
must	O	O	O	O	
have	O	O	O	O	
been	O	O	O	O	
sick	O	O	O	O	
for	O	O	O	O	
several	O	O	O	O	
days	O	O	O	O	
.	O	O	O	O	

Put	O	O	O	O	
the	B-PER	O	O	O	
baby	I-PER	O	O	O	
down	O	O	O	O	
somewhere	O	O	O	O	
,	O	O	O	O	
please	O	O	O	O	
,	O	O	O	O	
and	O	O	O	O	
help	O	O	O	O	
me	O	O	O	O	
make	O	O	O	O	
up	O	O	O	O	
the	O	O	O	O	
bed-lounge	O	O	O	O	
here	B-FAC	O	O	O	
in	O	O	O	O	
the	B-FAC	O	O	O	
parlor	I-FAC	O	O	O	
.	O	O	O	O	

She	O	O	O	O	
's	O	O	O	O	
got	O	O	O	O	
to	O	O	O	O	
be	O	O	O	O	
in	O	O	O	O	
a	B-FAC	O	O	O	
warm	I-FAC	O	O	O	
room	I-FAC	O	O	O	
,	O	O	O	O	
and	O	O	O	O	
she	O	O	O	O	
's	O	O	O	O	
got	O	O	O	O	
to	O	O	O	O	
be	O	O	O	O	
quiet	O	O	O	O	
.	O	O	O	O	

You	O	O	O	O	
must	O	O	O	O	
keep	O	O	O	O	
the	B-PER	O	O	O	
other	I-PER	O	O	O	
children	I-PER	O	O	O	
out	O	O	O	O	
.	O	O	O	O	

Here	O	O	O	O	
,	O	O	O	O	
this	O	O	O	O	
thing	O	O	O	O	
opens	O	O	O	O	
up	O	O	O	O	
,	O	O	O	O	
I	O	O	O	O	
see	O	O	O	O	
,	O	O	O	O	
”	O	O	O	O	
swinging	O	O	O	O	
back	O	O	O	O	
the	O	O	O	O	
top	O	O	O	O	
of	O	O	O	O	
the	O	O	O	O	
carpet	O	O	O	O	
lounge	O	O	O	O	
.	O	O	O	O	

“	O	O	O	O	
We	O	O	O	O	
can	O	O	O	O	
lift	O	O	O	O	
her	O	O	O	O	
mattress	O	O	O	O	
and	O	O	O	O	
carry	O	O	O	O	
her	O	O	O	O	
in	O	O	O	O	
just	O	O	O	O	
as	O	O	O	O	
she	O	O	O	O	
is	O	O	O	O	
.	O	O	O	O	

I	O	O	O	O	
do	O	O	O	O	
n't	O	O	O	O	
want	O	O	O	O	
to	O	O	O	O	
disturb	O	O	O	O	
her	O	O	O	O	
more	O	O	O	O	
than	O	O	O	O	
is	O	O	O	O	
necessary	O	O	O	O	
.	O	O	O	O	
”	O	O	O	O	

