Book	O	O	O	O	
I	O	O	O	O	
I.	O	O	O	O	
On	O	O	O	O	
a	O	O	O	O	
January	O	O	O	O	
evening	O	O	O	O	
of	O	O	O	O	
the	O	O	O	O	
early	O	O	O	O	
seventies	O	O	O	O	
,	O	O	O	O	
Christine	B-PER	O	O	O	
Nilsson	I-PER	O	O	O	
was	O	O	O	O	
singing	O	O	O	O	
in	O	O	O	O	
Faust	O	O	O	O	
at	O	O	O	O	
the	O	B-FAC	O	O	
Academy	O	I-FAC	O	O	
of	O	I-FAC	O	O	
Music	O	I-FAC	O	O	
in	O	I-FAC	O	O	
New	B-GPE	I-FAC	O	O	
York	I-GPE	I-FAC	O	O	
.	O	O	O	O	

Though	O	O	O	O	
there	O	O	O	O	
was	O	O	O	O	
already	O	O	O	O	
talk	O	O	O	O	
of	O	O	O	O	
the	O	O	O	O	
erection	O	O	O	O	
,	O	O	O	O	
in	O	O	O	O	
remote	O	O	O	O	
metropolitan	O	O	O	O	
distances	O	O	O	O	
"	O	O	O	O	
above	O	O	O	O	
the	O	O	O	O	
Forties	O	O	O	O	
,	O	O	O	O	
"	O	O	O	O	
of	O	O	O	O	
a	O	O	B-FAC	O	
new	O	O	I-FAC	O	
Opera	O	O	I-FAC	O	
House	O	O	I-FAC	O	
which	O	O	I-FAC	O	
should	O	O	I-FAC	O	
compete	O	O	I-FAC	O	
in	O	O	I-FAC	O	
costliness	O	O	I-FAC	O	
and	O	O	I-FAC	O	
splendour	O	O	I-FAC	O	
with	O	O	I-FAC	O	
those	O	B-FAC	I-FAC	O	
of	O	I-FAC	I-FAC	O	
the	B-GPE	I-FAC	I-FAC	O	
great	I-GPE	I-FAC	I-FAC	O	
European	I-GPE	I-FAC	I-FAC	O	
capitals	I-GPE	I-FAC	I-FAC	O	
,	O	O	O	O	
the	O	O	O	O	
world	O	O	O	O	
of	O	O	O	O	
fashion	O	O	O	O	
was	O	O	O	O	
still	O	O	O	O	
content	O	O	O	O	
to	O	O	O	O	
reassemble	O	O	O	O	
every	O	O	O	O	
winter	O	O	O	O	
in	O	O	O	O	
the	O	O	O	O	
shabby	O	O	O	O	
red	O	O	O	O	
and	O	O	O	O	
gold	O	O	O	O	
boxes	O	O	O	O	
of	O	O	O	O	
the	B-FAC	O	O	O	
sociable	I-FAC	O	O	O	
old	I-FAC	O	O	O	
Academy	I-FAC	O	O	O	
.	O	O	O	O	

Conservatives	B-PER	O	O	O	
cherished	O	O	O	O	
it	O	O	O	O	
for	O	O	O	O	
being	O	O	O	O	
small	O	O	O	O	
and	O	O	O	O	
inconvenient	O	O	O	O	
,	O	O	O	O	
and	O	O	O	O	
thus	O	O	O	O	
keeping	O	O	O	O	
out	O	O	O	O	
the	O	B-PER	O	O	
"	O	I-PER	O	O	
new	O	I-PER	O	O	
people	O	I-PER	O	O	
"	O	I-PER	O	O	
whom	O	I-PER	O	O	
New	B-GPE	I-PER	O	O	
York	I-GPE	I-PER	O	O	
was	O	I-PER	O	O	
beginning	O	I-PER	O	O	
to	O	I-PER	O	O	
dread	O	I-PER	O	O	
and	O	I-PER	O	O	
yet	O	I-PER	O	O	
be	O	I-PER	O	O	
drawn	O	I-PER	O	O	
to	O	I-PER	O	O	
;	O	O	O	O	
and	O	O	O	O	
the	B-PER	O	O	O	
sentimental	I-PER	O	O	O	
clung	O	O	O	O	
to	O	O	O	O	
it	O	O	O	O	
for	O	O	O	O	
its	O	O	O	O	
historic	O	O	O	O	
associations	O	O	O	O	
,	O	O	O	O	
and	O	O	O	O	
the	B-PER	O	O	O	
musical	I-PER	O	O	O	
for	O	O	O	O	
its	O	O	O	O	
excellent	O	O	O	O	
acoustics	O	O	O	O	
,	O	O	O	O	
always	O	O	O	O	
so	O	O	O	O	
problematic	O	O	O	O	
a	O	O	O	O	
quality	O	O	O	O	
in	O	O	O	O	
halls	B-FAC	O	O	O	
built	I-FAC	O	O	O	
for	I-FAC	O	O	O	
the	I-FAC	O	O	O	
hearing	I-FAC	O	O	O	
of	I-FAC	O	O	O	
music	I-FAC	O	O	O	
.	O	O	O	O	

It	O	O	O	O	
was	O	O	O	O	
Madame	B-PER	B-PER	O	O	
Nilsson	O	I-PER	O	O	
's	O	O	O	O	
first	O	O	O	O	
appearance	O	O	O	O	
that	O	O	O	O	
winter	O	O	O	O	
,	O	O	O	O	
and	O	O	O	O	
what	O	O	O	O	
the	B-PER	O	O	O	
daily	I-PER	O	O	O	
press	I-PER	O	O	O	
had	O	O	O	O	
already	O	O	O	O	
learned	O	O	O	O	
to	O	O	O	O	
describe	O	O	O	O	
as	O	O	O	O	
"	O	O	O	O	
an	B-PER	O	O	O	
exceptionally	I-PER	O	O	O	
brilliant	I-PER	O	O	O	
audience	I-PER	O	O	O	
"	O	O	O	O	
had	O	O	O	O	
gathered	O	O	O	O	
to	O	O	O	O	
hear	O	O	O	O	
her	O	O	O	O	
,	O	O	O	O	
transported	O	O	O	O	
through	O	O	O	O	
the	O	O	O	O	
slippery	O	O	O	O	
,	O	O	O	O	
snowy	O	O	O	O	
streets	O	O	O	O	
in	O	O	O	O	
private	B-VEH	O	O	O	
broughams	I-VEH	O	O	O	
,	O	O	O	O	
in	O	O	O	O	
the	B-VEH	O	O	O	
spacious	I-VEH	O	O	O	
family	I-VEH	O	O	O	
landau	I-VEH	O	O	O	
,	O	O	O	O	
or	O	O	O	O	
in	O	O	O	O	
the	B-VEH	O	O	O	
humbler	I-VEH	O	O	O	
but	I-VEH	O	O	O	
more	I-VEH	O	O	O	
convenient	I-VEH	O	O	O	
"	I-VEH	O	O	O	
Brown	I-VEH	O	O	O	
coupe	I-VEH	O	O	O	
.	O	O	O	O	
"	O	O	O	O	

To	O	O	O	O	
come	O	O	O	O	
to	O	O	O	O	
the	B-FAC	O	O	O	
Opera	I-FAC	O	O	O	
in	O	O	O	O	
a	B-VEH	O	O	O	
Brown	I-VEH	O	O	O	
coupe	I-VEH	O	O	O	
was	O	O	O	O	
almost	O	O	O	O	
as	O	O	O	O	
honourable	O	O	O	O	
a	O	O	O	O	
way	O	O	O	O	
of	O	O	O	O	
arriving	O	O	O	O	
as	O	O	O	O	
in	O	O	O	O	
one	B-VEH	O	O	O	
's	I-VEH	O	O	O	
own	I-VEH	O	O	O	
carriage	I-VEH	O	O	O	
;	O	O	O	O	
and	O	O	O	O	
departure	O	O	O	O	
by	O	O	O	O	
the	B-VEH	O	O	O	
same	I-VEH	O	O	O	
means	I-VEH	O	O	O	
had	O	O	O	O	
the	O	O	O	O	
immense	O	O	O	O	
advantage	O	O	O	O	
of	O	O	O	O	
enabling	O	O	O	O	
one	O	O	O	O	
(	O	O	O	O	
with	O	O	O	O	
a	O	O	O	O	
playful	O	O	O	O	
allusion	O	O	O	O	
to	O	O	O	O	
democratic	O	O	O	O	
principles	O	O	O	O	
)	O	O	O	O	
to	O	O	O	O	
scramble	O	O	O	O	
into	O	O	O	O	
the	B-VEH	O	O	O	
first	I-VEH	O	O	O	
Brown	I-VEH	O	O	O	
conveyance	I-VEH	O	O	O	
in	I-VEH	O	O	O	
the	I-VEH	O	O	O	
line	I-VEH	O	O	O	
,	O	O	O	O	
instead	O	O	O	O	
of	O	O	O	O	
waiting	O	O	O	O	
till	O	O	O	O	
the	O	O	O	O	
cold-and-gin	O	O	O	O	
congested	O	O	O	O	
nose	O	O	O	O	
of	O	O	O	O	
one	B-PER	O	O	O	
's	I-PER	O	O	O	
own	I-PER	O	O	O	
coachman	I-PER	O	O	O	
gleamed	O	O	O	O	
under	O	O	O	O	
the	O	B-FAC	O	O	
portico	O	I-FAC	O	O	
of	O	I-FAC	O	O	
the	B-FAC	I-FAC	O	O	
Academy	I-FAC	I-FAC	O	O	
.	O	O	O	O	

It	O	O	O	O	
was	O	O	O	O	
one	O	O	O	O	
of	O	O	O	O	
the	B-PER	O	O	O	
great	I-PER	O	O	O	
livery-stableman	I-PER	O	O	O	
's	O	O	O	O	
most	O	O	O	O	
masterly	O	O	O	O	
intuitions	O	O	O	O	
to	O	O	O	O	
have	O	O	O	O	
discovered	O	O	O	O	
that	O	O	O	O	
Americans	B-PER	O	O	O	
want	O	O	O	O	
to	O	O	O	O	
get	O	O	O	O	
away	O	O	O	O	
from	O	O	O	O	
amusement	O	O	O	O	
even	O	O	O	O	
more	O	O	O	O	
quickly	O	O	O	O	
than	O	O	O	O	
they	O	O	O	O	
want	O	O	O	O	
to	O	O	O	O	
get	O	O	O	O	
to	O	O	O	O	
it	O	O	O	O	
.	O	O	O	O	

When	O	O	O	O	
Newland	B-PER	O	O	O	
Archer	I-PER	O	O	O	
opened	O	O	O	O	
the	O	O	O	O	
door	O	O	O	O	
at	O	O	O	O	
the	B-FAC	O	O	O	
back	I-FAC	O	O	O	
of	I-FAC	O	O	O	
the	I-FAC	O	O	O	
club	I-FAC	O	O	O	
box	I-FAC	O	O	O	
the	O	O	O	O	
curtain	O	O	O	O	
had	O	O	O	O	
just	O	O	O	O	
gone	O	O	O	O	
up	O	O	O	O	
on	O	O	O	O	
the	O	O	O	O	
garden	O	O	O	O	
scene	O	O	O	O	
.	O	O	O	O	

There	O	O	O	O	
was	O	O	O	O	
no	O	O	O	O	
reason	O	O	O	O	
why	O	O	O	O	
the	B-PER	O	O	O	
young	I-PER	O	O	O	
man	I-PER	O	O	O	
should	O	O	O	O	
not	O	O	O	O	
have	O	O	O	O	
come	O	O	O	O	
earlier	O	O	O	O	
,	O	O	O	O	
for	O	O	O	O	
he	O	O	O	O	
had	O	O	O	O	
dined	O	O	O	O	
at	O	O	O	O	
seven	O	O	O	O	
,	O	O	O	O	
alone	O	O	O	O	
with	O	O	O	O	
his	B-PER	O	O	O	
mother	I-PER	O	O	O	
and	O	O	O	O	
sister	B-PER	O	O	O	
,	O	O	O	O	
and	O	O	O	O	
had	O	O	O	O	
lingered	O	O	O	O	
afterward	O	O	O	O	
over	O	O	O	O	
a	O	O	O	O	
cigar	O	O	O	O	
in	O	O	O	O	
the	B-FAC	O	O	O	
Gothic	I-FAC	O	O	O	
library	I-FAC	O	O	O	
with	O	O	O	O	
glazed	O	O	O	O	
black-walnut	O	O	O	O	
bookcases	O	O	O	O	
and	O	O	O	O	
finial-topped	O	O	O	O	
chairs	O	O	O	O	
which	O	O	O	O	
was	O	O	O	O	
the	O	O	B-FAC	O	
only	O	O	I-FAC	O	
room	O	O	I-FAC	O	
in	O	O	I-FAC	O	
the	O	O	I-FAC	O	
house	O	O	I-FAC	O	
where	O	O	I-FAC	O	
Mrs.	B-PER	B-PER	I-FAC	O	
Archer	O	I-PER	I-FAC	O	
allowed	O	O	I-FAC	O	
smoking	O	O	I-FAC	O	
.	O	O	O	O	

But	O	O	O	O	
,	O	O	O	O	
in	O	O	O	O	
the	O	O	O	O	
first	O	O	O	O	
place	O	O	O	O	
,	O	O	O	O	
New	B-GPE	O	O	O	
York	I-GPE	O	O	O	
was	O	O	O	O	
a	B-GPE	O	O	O	
metropolis	I-GPE	O	O	O	
,	O	O	O	O	
and	O	O	O	O	
perfectly	O	O	O	O	
aware	O	O	O	O	
that	O	O	O	O	
in	O	O	O	O	
metropolises	B-GPE	O	O	O	
it	O	O	O	O	
was	O	O	O	O	
"	O	O	O	O	
not	O	O	O	O	
the	O	O	O	O	
thing	O	O	O	O	
"	O	O	O	O	
to	O	O	O	O	
arrive	O	O	O	O	
early	O	O	O	O	
at	O	O	O	O	
the	B-FAC	O	O	O	
opera	I-FAC	O	O	O	
;	O	O	O	O	
and	O	O	O	O	
what	O	O	O	O	
was	O	O	O	O	
or	O	O	O	O	
was	O	O	O	O	
not	O	O	O	O	
"	O	O	O	O	
the	O	O	O	O	
thing	O	O	O	O	
"	O	O	O	O	
played	O	O	O	O	
a	O	O	O	O	
part	O	O	O	O	
as	O	O	O	O	
important	O	O	O	O	
in	O	O	O	O	
Newland	B-PER	B-GPE	O	O	
Archer	I-PER	I-GPE	O	O	
's	O	I-GPE	O	O	
New	O	I-GPE	O	O	
York	O	I-GPE	O	O	
as	O	O	O	O	
the	O	O	O	O	
inscrutable	O	O	O	O	
totem	O	O	O	O	
terrors	O	O	O	O	
that	O	O	O	O	
had	O	O	O	O	
ruled	O	O	O	O	
the	O	O	O	O	
destinies	O	O	O	O	
of	O	O	O	O	
his	B-PER	O	O	O	
forefathers	I-PER	O	O	O	
thousands	O	O	O	O	
of	O	O	O	O	
years	O	O	O	O	
ago	O	O	O	O	
.	O	O	O	O	

The	O	O	O	O	
second	O	O	O	O	
reason	O	O	O	O	
for	O	O	O	O	
his	O	O	O	O	
delay	O	O	O	O	
was	O	O	O	O	
a	O	O	O	O	
personal	O	O	O	O	
one	O	O	O	O	
.	O	O	O	O	

He	O	O	O	O	
had	O	O	O	O	
dawdled	O	O	O	O	
over	O	O	O	O	
his	O	O	O	O	
cigar	O	O	O	O	
because	O	O	O	O	
he	O	O	O	O	
was	O	O	O	O	
at	O	O	O	O	
heart	O	O	O	O	
a	B-PER	O	O	O	
dilettante	I-PER	O	O	O	
,	O	O	O	O	
and	O	O	O	O	
thinking	O	O	O	O	
over	O	O	O	O	
a	O	O	O	O	
pleasure	O	O	O	O	
to	O	O	O	O	
come	O	O	O	O	
often	O	O	O	O	
gave	O	O	O	O	
him	O	O	O	O	
a	O	O	O	O	
subtler	O	O	O	O	
satisfaction	O	O	O	O	
than	O	O	O	O	
its	O	O	O	O	
realisation	O	O	O	O	
.	O	O	O	O	

This	O	O	O	O	
was	O	O	O	O	
especially	O	O	O	O	
the	O	O	O	O	
case	O	O	O	O	
when	O	O	O	O	
the	O	O	O	O	
pleasure	O	O	O	O	
was	O	O	O	O	
a	O	O	O	O	
delicate	O	O	O	O	
one	O	O	O	O	
,	O	O	O	O	
as	O	O	O	O	
his	O	O	O	O	
pleasures	O	O	O	O	
mostly	O	O	O	O	
were	O	O	O	O	
;	O	O	O	O	
and	O	O	O	O	
on	O	O	O	O	
this	O	O	O	O	
occasion	O	O	O	O	
the	O	O	O	O	
moment	O	O	O	O	
he	O	O	O	O	
looked	O	O	O	O	
forward	O	O	O	O	
to	O	O	O	O	
was	O	O	O	O	
so	O	O	O	O	
rare	O	O	O	O	
and	O	O	O	O	
exquisite	O	O	O	O	
in	O	O	O	O	
quality	O	O	O	O	
that	O	O	O	O	
--	O	O	O	O	
well	O	O	O	O	
,	O	O	O	O	
if	O	O	O	O	
he	O	O	O	O	
had	O	O	O	O	
timed	O	O	O	O	
his	O	O	O	O	
arrival	O	O	O	O	
in	O	O	O	O	
accord	O	O	O	O	
with	O	O	O	O	
the	B-PER	B-PER	O	O	
prima	I-PER	I-PER	O	O	
donna	I-PER	I-PER	O	O	
's	O	I-PER	O	O	
stage-manager	O	I-PER	O	O	
he	O	O	O	O	
could	O	O	O	O	
not	O	O	O	O	
have	O	O	O	O	
entered	O	O	O	O	
the	B-FAC	O	O	O	
Academy	I-FAC	O	O	O	
at	O	O	O	O	
a	O	O	O	O	
more	O	O	O	O	
significant	O	O	O	O	
moment	O	O	O	O	
than	O	O	O	O	
just	O	O	O	O	
as	O	O	O	O	
she	O	O	O	O	
was	O	O	O	O	
singing	O	O	O	O	
:	O	O	O	O	
"	O	O	O	O	
He	O	O	O	O	
loves	O	O	O	O	
me	O	O	O	O	
--	O	O	O	O	
he	O	O	O	O	
loves	O	O	O	O	
me	O	O	O	O	
not	O	O	O	O	
--	O	O	O	O	
HE	O	O	O	O	
LOVES	O	O	O	O	
ME	O	O	O	O	
!	O	O	O	O	

--	O	O	O	O	
"	O	O	O	O	
and	O	O	O	O	
sprinkling	O	O	O	O	
the	O	O	O	O	
falling	O	O	O	O	
daisy	O	O	O	O	
petals	O	O	O	O	
with	O	O	O	O	
notes	O	O	O	O	
as	O	O	O	O	
clear	O	O	O	O	
as	O	O	O	O	
dew	O	O	O	O	
.	O	O	O	O	

She	O	O	O	O	
sang	O	O	O	O	
,	O	O	O	O	
of	O	O	O	O	
course	O	O	O	O	
,	O	O	O	O	
"	O	O	O	O	
M'ama	O	O	O	O	
!	O	O	O	O	
"	O	O	O	O	

and	O	O	O	O	
not	O	O	O	O	
"	O	O	O	O	
he	O	O	O	O	
loves	O	O	O	O	
me	O	O	O	O	
,	O	O	O	O	
"	O	O	O	O	
since	O	O	O	O	
an	O	O	O	O	
unalterable	O	O	O	O	
and	O	O	O	O	
unquestioned	O	O	O	O	
law	O	O	O	O	
of	O	O	O	O	
the	O	O	O	O	
musical	O	O	O	O	
world	O	O	O	O	
required	O	O	O	O	
that	O	O	O	O	
the	O	O	O	O	
German	O	O	O	O	
text	O	O	O	O	
of	O	O	O	O	
French	O	O	O	O	
operas	O	O	O	O	
sung	O	O	O	O	
by	O	O	O	O	
Swedish	B-PER	O	O	O	
artists	I-PER	O	O	O	
should	O	O	O	O	
be	O	O	O	O	
translated	O	O	O	O	
into	O	O	O	O	
Italian	O	O	O	O	
for	O	O	O	O	
the	O	O	O	O	
clearer	O	O	O	O	
understanding	O	O	O	O	
of	O	O	O	O	
English-speaking	B-PER	O	O	O	
audiences	I-PER	O	O	O	
.	O	O	O	O	

This	O	O	O	O	
seemed	O	O	O	O	
as	O	O	O	O	
natural	O	O	O	O	
to	O	O	O	O	
Newland	B-PER	O	O	O	
Archer	I-PER	O	O	O	
as	O	O	O	O	
all	O	O	O	O	
the	O	O	O	O	
other	O	O	O	O	
conventions	O	O	O	O	
on	O	O	O	O	
which	O	O	O	O	
his	O	O	O	O	
life	O	O	O	O	
was	O	O	O	O	
moulded	O	O	O	O	
:	O	O	O	O	
such	O	O	O	O	
as	O	O	O	O	
the	O	O	O	O	
duty	O	O	O	O	
of	O	O	O	O	
using	O	O	O	O	
two	O	O	O	O	
silver-backed	O	O	O	O	
brushes	O	O	O	O	
with	O	O	O	O	
his	O	O	O	O	
monogram	O	O	O	O	
in	O	O	O	O	
blue	O	O	O	O	
enamel	O	O	O	O	
to	O	O	O	O	
part	O	O	O	O	
his	O	O	O	O	
hair	O	O	O	O	
,	O	O	O	O	
and	O	O	O	O	
of	O	O	O	O	
never	O	O	O	O	
appearing	O	O	O	O	
in	O	O	O	O	
society	O	O	O	O	
without	O	O	O	O	
a	O	O	O	O	
flower	O	O	O	O	
(	O	O	O	O	
preferably	O	O	O	O	
a	O	O	O	O	
gardenia	O	O	O	O	
)	O	O	O	O	
in	O	O	O	O	
his	O	O	O	O	
buttonhole	O	O	O	O	
.	O	O	O	O	

"	O	O	O	O	
M'ama	O	O	O	O	
...	O	O	O	O	
non	O	O	O	O	
m	O	O	O	O	
'	O	O	O	O	
ama	O	O	O	O	
...	O	O	O	O	
"	O	O	O	O	
the	B-PER	O	O	O	
prima	I-PER	O	O	O	
donna	I-PER	O	O	O	
sang	O	O	O	O	
,	O	O	O	O	
and	O	O	O	O	
"	O	O	O	O	
M'ama	O	O	O	O	
!	O	O	O	O	
"	O	O	O	O	

,	O	O	O	O	
with	O	O	O	O	
a	O	O	O	O	
final	O	O	O	O	
burst	O	O	O	O	
of	O	O	O	O	
love	O	O	O	O	
triumphant	O	O	O	O	
,	O	O	O	O	
as	O	O	O	O	
she	O	O	O	O	
pressed	O	O	O	O	
the	O	O	O	O	
dishevelled	O	O	O	O	
daisy	O	O	O	O	
to	O	O	O	O	
her	O	O	O	O	
lips	O	O	O	O	
and	O	O	O	O	
lifted	O	O	O	O	
her	O	O	O	O	
large	O	O	O	O	
eyes	O	O	O	O	
to	O	O	O	O	
the	O	O	O	O	
sophisticated	O	O	O	O	
countenance	O	O	O	O	
of	O	O	O	O	
the	B-PER	O	O	O	
little	I-PER	O	O	O	
brown	I-PER	O	O	O	
Faust-Capoul	I-PER	O	O	O	
,	O	O	O	O	
who	O	O	O	O	
was	O	O	O	O	
vainly	O	O	O	O	
trying	O	O	O	O	
,	O	O	O	O	
in	O	O	O	O	
a	O	O	O	O	
tight	O	O	O	O	
purple	O	O	O	O	
velvet	O	O	O	O	
doublet	O	O	O	O	
and	O	O	O	O	
plumed	O	O	O	O	
cap	O	O	O	O	
,	O	O	O	O	
to	O	O	O	O	
look	O	O	O	O	
as	O	O	O	O	
pure	O	O	O	O	
and	O	O	O	O	
true	O	O	O	O	
as	O	O	O	O	
his	B-PER	O	O	O	
artless	I-PER	O	O	O	
victim	I-PER	O	O	O	
.	O	O	O	O	

Newland	B-PER	O	O	O	
Archer	I-PER	O	O	O	
,	O	O	O	O	
leaning	O	O	O	O	
against	O	O	O	O	
the	O	O	O	O	
wall	O	O	O	O	
at	O	O	O	O	
the	B-FAC	O	O	O	
back	I-FAC	O	O	O	
of	I-FAC	O	O	O	
the	I-FAC	O	O	O	
club	I-FAC	O	O	O	
box	I-FAC	O	O	O	
,	O	O	O	O	
turned	O	O	O	O	
his	O	O	O	O	
eyes	O	O	O	O	
from	O	O	O	O	
the	O	O	O	O	
stage	O	O	O	O	
and	O	O	O	O	
scanned	O	O	O	O	
the	B-FAC	O	O	O	
opposite	I-FAC	O	O	O	
side	I-FAC	O	O	O	
of	I-FAC	O	O	O	
the	I-FAC	O	O	O	
house	I-FAC	O	O	O	
.	O	O	O	O	

Directly	O	O	O	O	
facing	O	O	O	O	
him	O	O	O	O	
was	O	O	O	O	
the	O	O	B-FAC	O	
box	O	O	I-FAC	O	
of	O	O	I-FAC	O	
old	O	O	I-FAC	O	
Mrs.	B-PER	B-PER	I-FAC	O	
Manson	O	I-PER	I-FAC	O	
Mingott	O	I-PER	I-FAC	O	
,	O	O	O	O	
whose	O	O	O	O	
monstrous	O	O	O	O	
obesity	O	O	O	O	
had	O	O	O	O	
long	O	O	O	O	
since	O	O	O	O	
made	O	O	O	O	
it	O	O	O	O	
impossible	O	O	O	O	
for	O	O	O	O	
her	O	O	O	O	
to	O	O	O	O	
attend	O	O	O	O	
the	B-FAC	O	O	O	
Opera	I-FAC	O	O	O	
,	O	O	O	O	
but	O	O	O	O	
who	O	O	O	O	
was	O	O	O	O	
always	O	O	O	O	
represented	O	O	O	O	
on	O	O	O	O	
fashionable	O	O	O	O	
nights	O	O	O	O	
by	O	O	O	O	
some	O	O	O	O	
of	O	O	O	O	
the	B-PER	O	O	O	
younger	I-PER	O	O	O	
members	I-PER	O	O	O	
of	I-PER	O	O	O	
the	I-PER	O	O	O	
family	I-PER	O	O	O	
.	O	O	O	O	

On	O	O	O	O	
this	O	O	O	O	
occasion	O	O	O	O	
,	O	O	O	O	
the	B-FAC	O	O	O	
front	I-FAC	O	O	O	
of	I-FAC	O	O	O	
the	I-FAC	O	O	O	
box	I-FAC	O	O	O	
was	O	O	O	O	
filled	O	O	O	O	
by	O	O	O	O	
her	B-PER	O	O	O	
daughter-in-law	I-PER	O	O	O	
,	O	O	O	O	
Mrs.	B-PER	B-PER	O	O	
Lovell	O	I-PER	O	O	
Mingott	O	I-PER	O	O	
,	O	O	O	O	
and	O	O	O	O	
her	B-PER	O	O	O	
daughter	I-PER	O	O	O	
,	O	O	O	O	
Mrs.	B-PER	B-PER	O	O	
Welland	O	I-PER	O	O	
;	O	O	O	O	
and	O	O	O	O	
slightly	O	O	O	O	
withdrawn	O	O	O	O	
behind	O	O	O	O	
these	B-PER	O	O	O	
brocaded	I-PER	O	O	O	
matrons	I-PER	O	O	O	
sat	O	O	O	O	
a	O	B-PER	O	O	
young	O	I-PER	O	O	
girl	O	I-PER	O	O	
in	O	I-PER	O	O	
white	O	I-PER	O	O	
with	O	I-PER	O	O	
eyes	O	I-PER	O	O	
ecstatically	O	I-PER	O	O	
fixed	O	I-PER	O	O	
on	O	I-PER	O	O	
the	B-PER	I-PER	O	O	
stagelovers	I-PER	I-PER	O	O	
.	O	O	O	O	

As	O	O	O	O	
Madame	B-PER	B-PER	O	O	
Nilsson	O	I-PER	O	O	
's	O	O	O	O	
"	O	O	O	O	
M'ama	O	O	O	O	
!	O	O	O	O	
"	O	O	O	O	

thrilled	O	O	O	O	
out	O	O	O	O	
above	O	O	O	O	
the	B-FAC	O	O	O	
silent	I-FAC	O	O	O	
house	I-FAC	O	O	O	
(	O	O	O	O	
the	B-PER	O	O	O	
boxes	I-PER	O	O	O	
always	O	O	O	O	
stopped	O	O	O	O	
talking	O	O	O	O	
during	O	O	O	O	
the	O	O	O	O	
Daisy	O	O	O	O	
Song	O	O	O	O	
)	O	O	O	O	
a	O	O	O	O	
warm	O	O	O	O	
pink	O	O	O	O	
mounted	O	O	O	O	
to	O	O	O	O	
the	B-PER	O	O	O	
girl	I-PER	O	O	O	
's	O	O	O	O	
cheek	O	O	O	O	
,	O	O	O	O	
mantled	O	O	O	O	
her	O	O	O	O	
brow	O	O	O	O	
to	O	O	O	O	
the	O	O	O	O	
roots	O	O	O	O	
of	O	O	O	O	
her	O	O	O	O	
fair	O	O	O	O	
braids	O	O	O	O	
,	O	O	O	O	
and	O	O	O	O	
suffused	O	O	O	O	
the	O	O	O	O	
young	O	O	O	O	
slope	O	O	O	O	
of	O	O	O	O	
her	O	O	O	O	
breast	O	O	O	O	
to	O	O	O	O	
the	O	O	O	O	
line	O	O	O	O	
where	O	O	O	O	
it	O	O	O	O	
met	O	O	O	O	
a	O	O	O	O	
modest	O	O	O	O	
tulle	O	O	O	O	
tucker	O	O	O	O	
fastened	O	O	O	O	
with	O	O	O	O	
a	O	O	O	O	
single	O	O	O	O	
gardenia	O	O	O	O	
.	O	O	O	O	

She	O	O	O	O	
dropped	O	O	O	O	
her	O	O	O	O	
eyes	O	O	O	O	
to	O	O	O	O	
the	O	O	O	O	
immense	O	O	O	O	
bouquet	O	O	O	O	
of	O	O	O	O	
lilies-of-the-valley	O	O	O	O	
on	O	O	O	O	
her	O	O	O	O	
knee	O	O	O	O	
,	O	O	O	O	
and	O	O	O	O	
Newland	B-PER	O	O	O	
Archer	I-PER	O	O	O	
saw	O	O	O	O	
her	O	O	O	O	
white-gloved	O	O	O	O	
finger-tips	O	O	O	O	
touch	O	O	O	O	
the	O	O	O	O	
flowers	O	O	O	O	
softly	O	O	O	O	
.	O	O	O	O	

He	O	O	O	O	
drew	O	O	O	O	
a	O	O	O	O	
breath	O	O	O	O	
of	O	O	O	O	
satisfied	O	O	O	O	
vanity	O	O	O	O	
and	O	O	O	O	
his	O	O	O	O	
eyes	O	O	O	O	
returned	O	O	O	O	
to	O	O	O	O	
the	O	O	O	O	
stage	O	O	O	O	
.	O	O	O	O	

No	O	O	O	O	
expense	O	O	O	O	
had	O	O	O	O	
been	O	O	O	O	
spared	O	O	O	O	
on	O	O	O	O	
the	O	O	O	O	
setting	O	O	O	O	
,	O	O	O	O	
which	O	O	O	O	
was	O	O	O	O	
acknowledged	O	O	O	O	
to	O	O	O	O	
be	O	O	O	O	
very	O	O	O	O	
beautiful	O	O	O	O	
even	O	O	O	O	
by	O	O	O	O	
people	O	O	B-PER	O	
who	O	O	I-PER	O	
shared	O	O	I-PER	O	
his	O	O	I-PER	O	
acquaintance	O	O	I-PER	O	
with	O	O	I-PER	O	
the	O	B-FAC	I-PER	O	
Opera	O	I-FAC	I-PER	O	
houses	O	I-FAC	I-PER	O	
of	O	I-FAC	I-PER	O	
Paris	B-GPE	I-FAC	I-PER	O	
and	O	I-FAC	I-PER	O	
Vienna	B-GPE	I-FAC	I-PER	O	
.	O	O	O	O	

The	O	O	O	O	
foreground	O	O	O	O	
,	O	O	O	O	
to	O	O	O	O	
the	O	O	O	O	
footlights	O	O	O	O	
,	O	O	O	O	
was	O	O	O	O	
covered	O	O	O	O	
with	O	O	O	O	
emerald	O	O	O	O	
green	O	O	O	O	
cloth	O	O	O	O	
.	O	O	O	O	

In	O	O	O	O	
the	O	O	O	O	
middle	O	O	O	O	
distance	O	O	O	O	
symmetrical	O	O	O	O	
mounds	O	O	O	O	
of	O	O	O	O	
woolly	O	O	O	O	
green	O	O	O	O	
moss	O	O	O	O	
bounded	O	O	O	O	
by	O	O	O	O	
croquet	O	O	O	O	
hoops	O	O	O	O	
formed	O	O	O	O	
the	O	O	O	O	
base	O	O	O	O	
of	O	O	O	O	
shrubs	O	O	O	O	
shaped	O	O	O	O	
like	O	O	O	O	
orange-trees	O	O	O	O	
but	O	O	O	O	
studded	O	O	O	O	
with	O	O	O	O	
large	O	O	O	O	
pink	O	O	O	O	
and	O	O	O	O	
red	O	O	O	O	
roses	O	O	O	O	
.	O	O	O	O	

Gigantic	O	O	O	O	
pansies	O	O	O	O	
,	O	O	O	O	
considerably	O	O	O	O	
larger	O	O	O	O	
than	O	O	O	O	
the	O	O	O	O	
roses	O	O	O	O	
,	O	O	O	O	
and	O	O	O	O	
closely	O	O	O	O	
resembling	O	O	O	O	
the	O	O	O	O	
floral	O	O	O	O	
pen-wipers	O	O	O	O	
made	O	O	O	O	
by	O	O	O	O	
female	B-PER	O	O	O	
parishioners	I-PER	O	O	O	
for	O	O	O	O	
fashionable	B-PER	O	O	O	
clergymen	I-PER	O	O	O	
,	O	O	O	O	
sprang	O	O	O	O	
from	O	O	O	O	
the	O	O	O	O	
moss	O	O	O	O	
beneath	O	O	O	O	
the	O	O	O	O	
rose-trees	O	O	O	O	
;	O	O	O	O	
and	O	O	O	O	
here	O	O	O	O	
and	O	O	O	O	
there	O	O	O	O	
a	O	O	O	O	
daisy	O	O	O	O	
grafted	O	O	O	O	
on	O	O	O	O	
a	O	O	O	O	
rose-branch	O	O	O	O	
flowered	O	O	O	O	
with	O	O	O	O	
a	O	O	O	O	
luxuriance	O	O	O	O	
prophetic	O	O	O	O	
of	O	O	O	O	
Mr.	B-PER	B-PER	B-PER	O	
Luther	O	I-PER	I-PER	O	
Burbank	O	I-PER	I-PER	O	
's	O	O	I-PER	O	
far-off	O	O	I-PER	O	
prodigies	O	O	I-PER	O	
.	O	O	O	O	

In	O	O	O	O	
the	B-FAC	O	O	O	
centre	I-FAC	O	O	O	
of	I-FAC	O	O	O	
this	I-FAC	O	O	O	
enchanted	I-FAC	O	O	O	
garden	I-FAC	O	O	O	
Madame	B-PER	B-PER	O	O	
Nilsson	O	I-PER	O	O	
,	O	O	O	O	
in	O	O	O	O	
white	O	O	O	O	
cashmere	O	O	O	O	
slashed	O	O	O	O	
with	O	O	O	O	
pale	O	O	O	O	
blue	O	O	O	O	
satin	O	O	O	O	
,	O	O	O	O	
a	O	O	O	O	
reticule	O	O	O	O	
dangling	O	O	O	O	
from	O	O	O	O	
a	O	O	O	O	
blue	O	O	O	O	
girdle	O	O	O	O	
,	O	O	O	O	
and	O	O	O	O	
large	O	O	O	O	
yellow	O	O	O	O	
braids	O	O	O	O	
carefully	O	O	O	O	
disposed	O	O	O	O	
on	O	O	O	O	
each	O	O	O	O	
side	O	O	O	O	
of	O	O	O	O	
her	O	O	O	O	
muslin	O	O	O	O	
chemisette	O	O	O	O	
,	O	O	O	O	
listened	O	O	O	O	
with	O	O	O	O	
downcast	O	O	O	O	
eyes	O	O	O	O	
to	O	O	O	O	
M.	B-PER	O	O	O	
Capoul	I-PER	O	O	O	
's	O	O	O	O	
impassioned	O	O	O	O	
wooing	O	O	O	O	
,	O	O	O	O	
and	O	O	O	O	
affected	O	O	O	O	
a	O	O	O	O	
guileless	O	O	O	O	
incomprehension	O	O	O	O	
of	O	O	O	O	
his	O	O	O	O	
designs	O	O	O	O	
whenever	O	O	O	O	
,	O	O	O	O	
by	O	O	O	O	
word	O	O	O	O	
or	O	O	O	O	
glance	O	O	O	O	
,	O	O	O	O	
he	O	O	O	O	
persuasively	O	O	O	O	
indicated	O	O	O	O	
the	O	O	O	O	
ground	O	O	O	O	
floor	O	O	O	O	
window	O	O	O	O	
of	O	O	O	O	
the	B-FAC	O	O	O	
neat	I-FAC	O	O	O	
brick	I-FAC	O	O	O	
villa	I-FAC	O	O	O	
projecting	I-FAC	O	O	O	
obliquely	I-FAC	O	O	O	
from	I-FAC	O	O	O	
the	I-FAC	O	O	O	
right	I-FAC	O	O	O	
wing	I-FAC	O	O	O	
.	O	O	O	O	

"	O	O	O	O	
The	O	O	O	O	
darling	O	O	O	O	
!	O	O	O	O	
"	O	O	O	O	

thought	O	O	O	O	
Newland	B-PER	O	O	O	
Archer	I-PER	O	O	O	
,	O	O	O	O	
his	O	O	O	O	
glance	O	O	O	O	
flitting	O	O	O	O	
back	O	O	O	O	
to	O	O	O	O	
the	B-PER	O	O	O	
young	I-PER	O	O	O	
girl	I-PER	O	O	O	
with	I-PER	O	O	O	
the	I-PER	O	O	O	
lilies-of-the-valley	I-PER	O	O	O	
.	O	O	O	O	

"	O	O	O	O	
She	O	O	O	O	
does	O	O	O	O	
n't	O	O	O	O	
even	O	O	O	O	
guess	O	O	O	O	
what	O	O	O	O	
it	O	O	O	O	
's	O	O	O	O	
all	O	O	O	O	
about	O	O	O	O	
.	O	O	O	O	
"	O	O	O	O	

And	O	O	O	O	
he	O	O	O	O	
contemplated	O	O	O	O	
her	O	O	O	O	
absorbed	O	O	O	O	
young	O	O	O	O	
face	O	O	O	O	
with	O	O	O	O	
a	O	O	O	O	
thrill	O	O	O	O	
of	O	O	O	O	
possessorship	O	O	O	O	
in	O	O	O	O	
which	O	O	O	O	
pride	O	O	O	O	
in	O	O	O	O	
his	O	O	O	O	
own	O	O	O	O	
masculine	O	O	O	O	
initiation	O	O	O	O	
was	O	O	O	O	
mingled	O	O	O	O	
with	O	O	O	O	
a	O	O	O	O	
tender	O	O	O	O	
reverence	O	O	O	O	
for	O	O	O	O	
her	O	O	O	O	
abysmal	O	O	O	O	
purity	O	O	O	O	
.	O	O	O	O	

"	O	O	O	O	
We	O	O	O	O	
'll	O	O	O	O	
read	O	O	O	O	
Faust	B-PER	O	O	O	
together	O	O	O	O	
...	O	O	O	O	
by	O	O	O	O	
the	B-LOC	O	O	O	
Italian	I-LOC	O	O	O	
lakes	I-LOC	O	O	O	
...	O	O	O	O	
"	O	O	O	O	
he	O	O	O	O	
thought	O	O	O	O	
,	O	O	O	O	
somewhat	O	O	O	O	
hazily	O	O	O	O	
confusing	O	O	O	O	
the	O	O	O	O	
scene	O	O	O	O	
of	O	O	O	O	
his	O	O	O	O	
projected	O	O	O	O	
honey-moon	O	O	O	O	
with	O	O	O	O	
the	O	O	O	O	
masterpieces	O	O	O	O	
of	O	O	O	O	
literature	O	O	O	O	
which	O	O	O	O	
it	O	O	O	O	
would	O	O	O	O	
be	O	O	O	O	
his	O	O	O	O	
manly	O	O	O	O	
privilege	O	O	O	O	
to	O	O	O	O	
reveal	O	O	O	O	
to	O	O	O	O	
his	B-PER	O	O	O	
bride	I-PER	O	O	O	
.	O	O	O	O	

It	O	O	O	O	
was	O	O	O	O	
only	O	O	O	O	
that	O	O	O	O	
afternoon	O	O	O	O	
that	O	O	O	O	
May	B-PER	O	O	O	
Welland	I-PER	O	O	O	
had	O	O	O	O	
let	O	O	O	O	
him	O	O	O	O	
guess	O	O	O	O	
that	O	O	O	O	
she	O	O	O	O	
"	O	O	O	O	
cared	O	O	O	O	
"	O	O	O	O	
(	O	O	O	O	
New	B-GPE	O	O	O	
York	I-GPE	O	O	O	
's	O	O	O	O	
consecrated	O	O	O	O	
phrase	O	O	O	O	
of	O	O	O	O	
maiden	O	O	O	O	
avowal	O	O	O	O	
)	O	O	O	O	
,	O	O	O	O	
and	O	O	O	O	
already	O	O	O	O	
his	O	O	O	O	
imagination	O	O	O	O	
,	O	O	O	O	
leaping	O	O	O	O	
ahead	O	O	O	O	
of	O	O	O	O	
the	O	O	O	O	
engagement	O	O	O	O	
ring	O	O	O	O	
,	O	O	O	O	
the	O	O	O	O	
betrothal	O	O	O	O	
kiss	O	O	O	O	
and	O	O	O	O	
the	O	O	O	O	
march	O	O	O	O	
from	O	O	O	O	
Lohengrin	O	O	O	O	
,	O	O	O	O	
pictured	O	O	O	O	
her	O	O	O	O	
at	O	O	O	O	
his	O	O	O	O	
side	O	O	O	O	
in	O	O	O	O	
some	O	O	O	O	
scene	O	O	O	O	
of	O	O	O	O	
old	O	O	O	O	
European	O	O	O	O	
witchery	O	O	O	O	
.	O	O	O	O	

He	O	O	O	O	
did	O	O	O	O	
not	O	O	O	O	
in	O	O	O	O	
the	O	O	O	O	
least	O	O	O	O	
wish	O	O	O	O	
the	O	B-PER	O	O	
future	O	I-PER	O	O	
Mrs.	B-PER	I-PER	O	O	
Newland	B-PER	I-PER	O	O	
Archer	I-PER	I-PER	O	O	
to	O	O	O	O	
be	O	O	O	O	
a	B-PER	O	O	O	
simpleton	I-PER	O	O	O	
.	O	O	O	O	

He	O	O	O	O	
meant	O	O	O	O	
her	O	O	O	O	
(	O	O	O	O	
thanks	O	O	O	O	
to	O	O	O	O	
his	O	O	O	O	
enlightening	O	O	O	O	
companionship	O	O	O	O	
)	O	O	O	O	
to	O	O	O	O	
develop	O	O	O	O	
a	O	O	O	O	
social	O	O	O	O	
tact	O	O	O	O	
and	O	O	O	O	
readiness	O	O	O	O	
of	O	O	O	O	
wit	O	O	O	O	
enabling	O	O	O	O	
her	O	O	O	O	
to	O	O	O	O	
hold	O	O	O	O	
her	O	O	O	O	
own	O	O	O	O	
with	O	O	O	O	
the	B-PER	O	O	O	
most	I-PER	O	O	O	
popular	I-PER	O	O	O	
married	I-PER	O	O	O	
women	I-PER	O	O	O	
of	I-PER	O	O	O	
the	I-PER	O	O	O	
"	I-PER	O	O	O	
younger	I-PER	O	O	O	
set	I-PER	O	O	O	
,	O	O	O	O	
"	O	O	O	O	
in	O	O	O	O	
which	O	O	O	O	
it	O	O	O	O	
was	O	O	O	O	
the	O	O	O	O	
recognised	O	O	O	O	
custom	O	O	O	O	
to	O	O	O	O	
attract	O	O	O	O	
masculine	O	O	O	O	
homage	O	O	O	O	
while	O	O	O	O	
playfully	O	O	O	O	
discouraging	O	O	O	O	
it	O	O	O	O	
.	O	O	O	O	

If	O	O	O	O	
he	O	O	O	O	
had	O	O	O	O	
probed	O	O	O	O	
to	O	O	O	O	
the	O	O	O	O	
bottom	O	O	O	O	
of	O	O	O	O	
his	O	O	O	O	
vanity	O	O	O	O	
(	O	O	O	O	
as	O	O	O	O	
he	O	O	O	O	
sometimes	O	O	O	O	
nearly	O	O	O	O	
did	O	O	O	O	
)	O	O	O	O	
he	O	O	O	O	
would	O	O	O	O	
have	O	O	O	O	
found	O	O	O	O	
there	O	O	O	O	
the	O	O	O	O	
wish	O	O	O	O	
that	O	O	O	O	
his	B-PER	O	O	O	
wife	I-PER	O	O	O	
should	O	O	O	O	
be	O	O	O	O	
as	O	O	O	O	
worldly-wise	O	O	O	O	
and	O	O	O	O	
as	O	O	O	O	
eager	O	O	O	O	
to	O	O	O	O	
please	O	O	O	O	
as	O	O	O	O	
the	B-PER	O	O	O	
married	I-PER	O	O	O	
lady	I-PER	O	O	O	
whose	I-PER	O	O	O	
charms	I-PER	O	O	O	
had	I-PER	O	O	O	
held	I-PER	O	O	O	
his	I-PER	O	O	O	
fancy	I-PER	O	O	O	
through	I-PER	O	O	O	
two	I-PER	O	O	O	
mildly	I-PER	O	O	O	
agitated	I-PER	O	O	O	
years	I-PER	O	O	O	
;	O	O	O	O	
without	O	O	O	O	
,	O	O	O	O	
of	O	O	O	O	
course	O	O	O	O	
,	O	O	O	O	
any	O	O	O	O	
hint	O	O	O	O	
of	O	O	O	O	
the	O	O	O	O	
frailty	O	O	O	O	
which	O	O	O	O	
had	O	O	O	O	
so	O	O	O	O	
nearly	O	O	O	O	
marred	O	O	O	O	
that	B-PER	O	O	O	
unhappy	I-PER	O	O	O	
being	I-PER	O	O	O	
's	I-PER	O	O	O	
life	I-PER	O	O	O	
,	O	O	O	O	
and	O	O	O	O	
had	O	O	O	O	
disarranged	O	O	O	O	
his	O	O	O	O	
own	O	O	O	O	
plans	O	O	O	O	
for	O	O	O	O	
a	O	O	O	O	
whole	O	O	O	O	
winter	O	O	O	O	
.	O	O	O	O	

How	O	O	O	O	
this	O	O	O	O	
miracle	O	O	O	O	
of	O	O	O	O	
fire	O	O	O	O	
and	O	O	O	O	
ice	O	O	O	O	
was	O	O	O	O	
to	O	O	O	O	
be	O	O	O	O	
created	O	O	O	O	
,	O	O	O	O	
and	O	O	O	O	
to	O	O	O	O	
sustain	O	O	O	O	
itself	O	O	O	O	
in	O	O	O	O	
a	B-LOC	O	O	O	
harsh	I-LOC	O	O	O	
world	I-LOC	O	O	O	
,	O	O	O	O	
he	O	O	O	O	
had	O	O	O	O	
never	O	O	O	O	
taken	O	O	O	O	
the	O	O	O	O	
time	O	O	O	O	
to	O	O	O	O	
think	O	O	O	O	
out	O	O	O	O	
;	O	O	O	O	
but	O	O	O	O	
he	O	O	O	O	
was	O	O	O	O	
content	O	O	O	O	
to	O	O	O	O	
hold	O	O	O	O	
his	O	O	O	O	
view	O	O	O	O	
without	O	O	O	O	
analysing	O	O	O	O	
it	O	O	O	O	
,	O	O	O	O	
since	O	O	O	O	
he	O	O	O	O	
knew	O	O	O	O	
it	O	O	O	O	
was	O	O	O	O	
that	O	O	O	O	
of	O	O	O	O	
all	B-PER	O	O	O	
the	I-PER	O	O	O	
carefully-brushed	I-PER	O	O	O	
,	I-PER	O	O	O	
white-waistcoated	I-PER	O	O	O	
,	I-PER	O	O	O	
button-hole-flowered	I-PER	O	O	O	
gentlemen	I-PER	O	O	O	
who	I-PER	O	O	O	
succeeded	I-PER	O	O	O	
each	I-PER	O	O	O	
other	I-PER	O	O	O	
in	I-PER	O	O	O	
the	I-PER	O	O	O	
club	I-PER	O	O	O	
box	I-PER	O	O	O	
,	O	O	O	O	
exchanged	O	O	O	O	
friendly	O	O	O	O	
greetings	O	O	O	O	
with	O	O	O	O	
him	O	O	O	O	
,	O	O	O	O	
and	O	O	O	O	
turned	O	O	O	O	
their	O	O	O	O	
opera-glasses	O	O	O	O	
critically	O	O	O	O	
on	O	O	O	O	
the	B-PER	O	O	O	
circle	I-PER	O	O	O	
of	I-PER	O	O	O	
ladies	I-PER	O	O	O	
who	I-PER	O	O	O	
were	I-PER	O	O	O	
the	I-PER	O	O	O	
product	I-PER	O	O	O	
of	I-PER	O	O	O	
the	I-PER	O	O	O	
system	I-PER	O	O	O	
.	O	O	O	O	

In	O	O	O	O	
matters	O	O	O	O	
intellectual	O	O	O	O	
and	O	O	O	O	
artistic	O	O	O	O	
Newland	B-PER	O	O	O	
Archer	I-PER	O	O	O	
felt	O	O	O	O	
himself	O	O	O	O	
distinctly	O	O	O	O	
the	B-PER	O	O	O	
superior	I-PER	O	O	O	
of	I-PER	O	O	O	
these	I-PER	O	O	O	
chosen	I-PER	O	O	O	
specimens	I-PER	O	O	O	
of	I-PER	O	O	O	
old	I-PER	O	O	O	
New	I-PER	O	O	O	
York	I-PER	O	O	O	
gentility	I-PER	O	O	O	
;	O	O	O	O	
he	O	O	O	O	
had	O	O	O	O	
probably	O	O	O	O	
read	O	O	O	O	
more	O	O	O	O	
,	O	O	O	O	
thought	O	O	O	O	
more	O	O	O	O	
,	O	O	O	O	
and	O	O	O	O	
even	O	O	O	O	
seen	O	O	O	O	
a	O	O	O	O	
good	O	O	O	O	
deal	O	O	O	O	
more	O	O	O	O	
of	O	O	O	O	
the	B-LOC	O	O	O	
world	I-LOC	O	O	O	
,	O	O	O	O	
than	O	O	O	O	
any	B-PER	O	O	O	
other	I-PER	O	O	O	
man	I-PER	O	O	O	
of	I-PER	O	O	O	
the	I-PER	O	O	O	
number	I-PER	O	O	O	
.	O	O	O	O	

Singly	O	O	O	O	
they	O	O	O	O	
betrayed	O	O	O	O	
their	O	O	O	O	
inferiority	O	O	O	O	
;	O	O	O	O	
but	O	O	O	O	
grouped	O	O	O	O	
together	O	O	O	O	
they	O	O	O	O	
represented	O	O	O	O	
"	O	O	O	O	
New	B-GPE	O	O	O	
York	I-GPE	O	O	O	
,	O	O	O	O	
"	O	O	O	O	
and	O	O	O	O	
the	O	O	O	O	
habit	O	O	O	O	
of	O	O	O	O	
masculine	O	O	O	O	
solidarity	O	O	O	O	
made	O	O	O	O	
him	O	O	O	O	
accept	O	O	O	O	
their	O	O	O	O	
doctrine	O	O	O	O	
on	O	O	O	O	
all	O	O	O	O	
the	O	O	O	O	
issues	O	O	O	O	
called	O	O	O	O	
moral	O	O	O	O	
.	O	O	O	O	

He	O	O	O	O	
instinctively	O	O	O	O	
felt	O	O	O	O	
that	O	O	O	O	
in	O	O	O	O	
this	O	O	O	O	
respect	O	O	O	O	
it	O	O	O	O	
would	O	O	O	O	
be	O	O	O	O	
troublesome	O	O	O	O	
--	O	O	O	O	
and	O	O	O	O	
also	O	O	O	O	
rather	O	O	O	O	
bad	O	O	O	O	
form	O	O	O	O	
--	O	O	O	O	
to	O	O	O	O	
strike	O	O	O	O	
out	O	O	O	O	
for	O	O	O	O	
himself	O	O	O	O	
.	O	O	O	O	

"	O	O	O	O	
Well	O	O	O	O	
--	O	O	O	O	
upon	O	O	O	O	
my	O	O	O	O	
soul	O	O	O	O	
!	O	O	O	O	
"	O	O	O	O	

exclaimed	O	O	O	O	
Lawrence	B-PER	O	O	O	
Lefferts	I-PER	O	O	O	
,	O	O	O	O	
turning	O	O	O	O	
his	O	O	O	O	
opera-glass	O	O	O	O	
abruptly	O	O	O	O	
away	O	O	O	O	
from	O	O	O	O	
the	O	O	O	O	
stage	O	O	O	O	
.	O	O	O	O	

Lawrence	B-PER	O	O	O	
Lefferts	I-PER	O	O	O	
was	O	O	O	O	
,	O	O	O	O	
on	O	O	O	O	
the	O	O	O	O	
whole	O	O	O	O	
,	O	O	O	O	
the	O	O	O	O	
foremost	O	O	O	O	
authority	O	O	O	O	
on	O	O	O	O	
"	O	O	O	O	
form	O	O	O	O	
"	O	O	O	O	
in	O	O	O	O	
New	B-GPE	O	O	O	
York	I-GPE	O	O	O	
.	O	O	O	O	

He	O	O	O	O	
had	O	O	O	O	
probably	O	O	O	O	
devoted	O	O	O	O	
more	O	O	O	O	
time	O	O	O	O	
than	O	O	O	O	
any	B-PER	O	O	O	
one	I-PER	O	O	O	
else	I-PER	O	O	O	
to	O	O	O	O	
the	O	O	O	O	
study	O	O	O	O	
of	O	O	O	O	
this	O	O	O	O	
intricate	O	O	O	O	
and	O	O	O	O	
fascinating	O	O	O	O	
question	O	O	O	O	
;	O	O	O	O	
but	O	O	O	O	
study	O	O	O	O	
alone	O	O	O	O	
could	O	O	O	O	
not	O	O	O	O	
account	O	O	O	O	
for	O	O	O	O	
his	O	O	O	O	
complete	O	O	O	O	
and	O	O	O	O	
easy	O	O	O	O	
competence	O	O	O	O	
.	O	O	O	O	

One	O	O	O	O	
had	O	O	O	O	
only	O	O	O	O	
to	O	O	O	O	
look	O	O	O	O	
at	O	O	O	O	
him	O	O	O	O	
,	O	O	O	O	
from	O	O	O	O	
the	O	O	O	O	
slant	O	O	O	O	
of	O	O	O	O	
his	O	O	O	O	
bald	O	O	O	O	
forehead	O	O	O	O	
and	O	O	O	O	
the	O	O	O	O	
curve	O	O	O	O	
of	O	O	O	O	
his	O	O	O	O	
beautiful	O	O	O	O	
fair	O	O	O	O	
moustache	O	O	O	O	
to	O	O	O	O	
the	O	O	O	O	
long	O	O	O	O	
patent-leather	O	O	O	O	
feet	O	O	O	O	
at	O	O	O	O	
the	O	O	O	O	
other	O	O	O	O	
end	O	O	O	O	
of	O	O	O	O	
his	B-PER	O	O	O	
lean	I-PER	O	O	O	
and	I-PER	O	O	O	
elegant	I-PER	O	O	O	
person	I-PER	O	O	O	
,	O	O	O	O	
to	O	O	O	O	
feel	O	O	O	O	
that	O	O	O	O	
the	O	O	O	O	
knowledge	O	O	O	O	
of	O	O	O	O	
"	O	O	O	O	
form	O	O	O	O	
"	O	O	O	O	
must	O	O	O	O	
be	O	O	O	O	
congenital	O	O	O	O	
in	O	O	O	O	
any	B-PER	O	O	O	
one	I-PER	O	O	O	
who	I-PER	O	O	O	
knew	I-PER	O	O	O	
how	I-PER	O	O	O	
to	I-PER	O	O	O	
wear	I-PER	O	O	O	
such	I-PER	O	O	O	
good	I-PER	O	O	O	
clothes	I-PER	O	O	O	
so	I-PER	O	O	O	
carelessly	I-PER	O	O	O	
and	I-PER	O	O	O	
carry	I-PER	O	O	O	
such	I-PER	O	O	O	
height	I-PER	O	O	O	
with	I-PER	O	O	O	
so	I-PER	O	O	O	
much	I-PER	O	O	O	
lounging	I-PER	O	O	O	
grace	I-PER	O	O	O	
.	O	O	O	O	

As	O	O	O	O	
a	B-PER	O	O	O	
young	I-PER	O	O	O	
admirer	I-PER	O	O	O	
had	O	O	O	O	
once	O	O	O	O	
said	O	O	O	O	
of	O	O	O	O	
him	O	O	O	O	
:	O	O	O	O	
"	O	O	O	O	
If	O	O	O	O	
anybody	B-PER	O	O	O	
can	O	O	O	O	
tell	O	O	O	O	
a	B-PER	O	O	O	
fellow	I-PER	O	O	O	
just	O	O	O	O	
when	O	O	O	O	
to	O	O	O	O	
wear	O	O	O	O	
a	O	O	O	O	
black	O	O	O	O	
tie	O	O	O	O	
with	O	O	O	O	
evening	O	O	O	O	
clothes	O	O	O	O	
and	O	O	O	O	
when	O	O	O	O	
not	O	O	O	O	
to	O	O	O	O	
,	O	O	O	O	
it	O	O	O	O	
's	O	O	O	O	
Larry	B-PER	O	O	O	
Lefferts	I-PER	O	O	O	
.	O	O	O	O	
"	O	O	O	O	

And	O	O	O	O	
on	O	O	O	O	
the	O	O	O	O	
question	O	O	O	O	
of	O	O	O	O	
pumps	O	O	O	O	
versus	O	O	O	O	
patent-leather	O	O	O	O	
"	O	O	O	O	
Oxfords	O	O	O	O	
"	O	O	O	O	
his	O	O	O	O	
authority	O	O	O	O	
had	O	O	O	O	
never	O	O	O	O	
been	O	O	O	O	
disputed	O	O	O	O	
.	O	O	O	O	

"	O	O	O	O	
My	O	O	O	O	
God	O	O	O	O	
!	O	O	O	O	
"	O	O	O	O	

he	O	O	O	O	
said	O	O	O	O	
;	O	O	O	O	
and	O	O	O	O	
silently	O	O	O	O	
handed	O	O	O	O	
his	O	O	O	O	
glass	O	O	O	O	
to	O	O	O	O	
old	B-PER	O	O	O	
Sillerton	I-PER	O	O	O	
Jackson	I-PER	O	O	O	
.	O	O	O	O	

