A	O	O	O	O	
cloudy	O	O	O	O	
day	O	O	O	O	
:	O	O	O	O	
do	O	O	O	O	
you	O	O	O	O	
know	O	O	O	O	
what	O	O	O	O	
that	O	O	O	O	
is	O	O	O	O	
in	O	O	O	O	
a	B-GPE	O	O	O	
town	I-GPE	O	O	O	
of	I-GPE	O	O	O	
iron-works	I-GPE	O	O	O	
?	O	O	O	O	

The	O	O	O	O	
sky	O	O	O	O	
sank	O	O	O	O	
down	O	O	O	O	
before	O	O	O	O	
dawn	O	O	O	O	
,	O	O	O	O	
muddy	O	O	O	O	
,	O	O	O	O	
flat	O	O	O	O	
,	O	O	O	O	
immovable	O	O	O	O	
.	O	O	O	O	

The	O	O	O	O	
air	O	O	O	O	
is	O	O	O	O	
thick	O	O	O	O	
,	O	O	O	O	
clammy	O	O	O	O	
with	O	O	O	O	
the	O	O	O	O	
breath	O	O	O	O	
of	O	O	O	O	
crowded	B-PER	O	O	O	
human	I-PER	O	O	O	
beings	I-PER	O	O	O	
.	O	O	O	O	

It	O	O	O	O	
stifles	O	O	O	O	
me	O	O	O	O	
.	O	O	O	O	

I	O	O	O	O	
open	O	O	O	O	
the	O	O	O	O	
window	O	O	O	O	
,	O	O	O	O	
and	O	O	O	O	
,	O	O	O	O	
looking	O	O	O	O	
out	O	O	O	O	
,	O	O	O	O	
can	O	O	O	O	
scarcely	O	O	O	O	
see	O	O	O	O	
through	O	O	O	O	
the	O	O	O	O	
rain	O	O	O	O	
the	B-PER	B-FAC	O	O	
grocer	I-PER	I-FAC	O	O	
's	O	I-FAC	O	O	
shop	O	I-FAC	O	O	
opposite	O	O	O	O	
,	O	O	O	O	
where	O	O	O	O	
a	O	B-PER	O	O	
crowd	O	I-PER	O	O	
of	O	I-PER	O	O	
drunken	B-PER	I-PER	O	O	
Irishmen	I-PER	I-PER	O	O	
are	O	O	O	O	
puffing	O	O	O	O	
Lynchburg	B-GPE	O	O	O	
tobacco	O	O	O	O	
in	O	O	O	O	
their	O	O	O	O	
pipes	O	O	O	O	
.	O	O	O	O	

I	O	O	O	O	
can	O	O	O	O	
detect	O	O	O	O	
the	O	O	O	O	
scent	O	O	O	O	
through	O	O	O	O	
all	O	O	O	O	
the	O	O	O	O	
foul	O	O	O	O	
smells	O	O	O	O	
ranging	O	O	O	O	
loose	O	O	O	O	
in	O	O	O	O	
the	O	O	O	O	
air	O	O	O	O	
.	O	O	O	O	

The	O	O	O	O	
idiosyncrasy	O	O	O	O	
of	O	O	O	O	
this	B-GPE	O	O	O	
town	I-GPE	O	O	O	
is	O	O	O	O	
smoke	O	O	O	O	
.	O	O	O	O	

It	O	O	O	O	
rolls	O	O	O	O	
sullenly	O	O	O	O	
in	O	O	O	O	
slow	O	O	O	O	
folds	O	O	O	O	
from	O	O	O	O	
the	O	O	O	O	
great	O	O	O	O	
chimneys	O	O	O	O	
of	O	O	O	O	
the	B-FAC	O	O	O	
iron-foundries	I-FAC	O	O	O	
,	O	O	O	O	
and	O	O	O	O	
settles	O	O	O	O	
down	O	O	O	O	
in	O	O	O	O	
black	O	O	O	O	
,	O	O	O	O	
slimy	O	O	O	O	
pools	O	O	O	O	
on	O	O	O	O	
the	B-FAC	O	O	O	
muddy	I-FAC	O	O	O	
streets	I-FAC	O	O	O	
.	O	O	O	O	

Smoke	O	O	O	O	
on	O	O	O	O	
the	B-FAC	O	O	O	
wharves	I-FAC	O	O	O	
,	O	O	O	O	
smoke	O	O	O	O	
on	O	O	O	O	
the	B-VEH	O	O	O	
dingy	I-VEH	O	O	O	
boats	I-VEH	O	O	O	
,	O	O	O	O	
on	O	O	O	O	
the	B-LOC	O	O	O	
yellow	I-LOC	O	O	O	
river	I-LOC	O	O	O	
,	O	O	O	O	
--	O	O	O	O	
clinging	O	O	O	O	
in	O	O	O	O	
a	O	O	O	O	
coating	O	O	O	O	
of	O	O	O	O	
greasy	O	O	O	O	
soot	O	O	O	O	
to	O	O	O	O	
the	B-FAC	O	O	O	
house-front	I-FAC	O	O	O	
,	O	O	O	O	
the	O	O	O	O	
two	O	O	O	O	
faded	O	O	O	O	
poplars	O	O	O	O	
,	O	O	O	O	
the	O	O	O	O	
faces	O	O	O	O	
of	O	O	O	O	
the	B-PER	O	O	O	
passers-by	I-PER	O	O	O	
.	O	O	O	O	

The	O	O	O	O	
long	O	O	O	O	
train	O	O	O	O	
of	O	O	O	O	
mules	O	O	O	O	
,	O	O	O	O	
dragging	O	O	O	O	
masses	O	O	O	O	
of	O	O	O	O	
pig-iron	O	O	O	O	
through	O	O	O	O	
the	B-FAC	O	O	O	
narrow	I-FAC	O	O	O	
street	I-FAC	O	O	O	
,	O	O	O	O	
have	O	O	O	O	
a	O	O	O	O	
foul	O	O	O	O	
vapor	O	O	O	O	
hanging	O	O	O	O	
to	O	O	O	O	
their	O	O	O	O	
reeking	O	O	O	O	
sides	O	O	O	O	
.	O	O	O	O	

Here	O	O	O	O	
,	O	O	O	O	
inside	O	O	O	O	
,	O	O	O	O	
is	O	O	O	O	
a	O	O	O	O	
little	O	O	O	O	
broken	O	O	O	O	
figure	O	O	O	O	
of	O	O	O	O	
an	B-PER	O	O	O	
angel	I-PER	O	O	O	
pointing	I-PER	O	O	O	
upward	I-PER	O	O	O	
from	I-PER	O	O	O	
the	I-PER	O	O	O	
mantel-shelf	I-PER	O	O	O	
;	O	O	O	O	
but	O	O	O	O	
even	O	O	O	O	
its	O	O	O	O	
wings	O	O	O	O	
are	O	O	O	O	
covered	O	O	O	O	
with	O	O	O	O	
smoke	O	O	O	O	
,	O	O	O	O	
clotted	O	O	O	O	
and	O	O	O	O	
black	O	O	O	O	
.	O	O	O	O	

Smoke	O	O	O	O	
everywhere	O	O	O	O	
!	O	O	O	O	

A	O	O	O	O	
dirty	O	O	O	O	
canary	O	O	O	O	
chirps	O	O	O	O	
desolately	O	O	O	O	
in	O	O	O	O	
a	O	O	O	O	
cage	O	O	O	O	
beside	O	O	O	O	
me	O	O	O	O	
.	O	O	O	O	

Its	O	O	O	O	
dream	O	O	O	O	
of	O	O	O	O	
green	B-LOC	O	O	O	
fields	I-LOC	O	O	O	
and	O	O	O	O	
sunshine	O	O	O	O	
is	O	O	O	O	
a	O	O	O	O	
very	O	O	O	O	
old	O	O	O	O	
dream	O	O	O	O	
,	O	O	O	O	
--	O	O	O	O	
almost	O	O	O	O	
worn	O	O	O	O	
out	O	O	O	O	
,	O	O	O	O	
I	O	O	O	O	
think	O	O	O	O	
.	O	O	O	O	

From	O	O	O	O	
the	O	O	O	O	
back-window	O	O	O	O	
I	O	O	O	O	
can	O	O	O	O	
see	O	O	O	O	
a	O	B-FAC	O	O	
narrow	O	I-FAC	O	O	
brick-yard	O	I-FAC	O	O	
sloping	O	I-FAC	O	O	
down	O	I-FAC	O	O	
to	O	I-FAC	O	O	
the	B-LOC	I-FAC	O	O	
river-side	I-LOC	I-FAC	O	O	
,	O	I-FAC	O	O	
strewed	O	I-FAC	O	O	
with	O	I-FAC	O	O	
rain-butts	O	I-FAC	O	O	
and	O	I-FAC	O	O	
tubs	O	I-FAC	O	O	
.	O	O	O	O	

The	B-LOC	O	O	O	
river	I-LOC	O	O	O	
,	O	O	O	O	
dull	O	O	O	O	
and	O	O	O	O	
tawny-colored	O	O	O	O	
,	O	O	O	O	
(	O	O	O	O	
la	B-LOC	O	O	O	
belle	I-LOC	O	O	O	
riviere	I-LOC	O	O	O	
!	O	O	O	O	
)	O	O	O	O	

drags	O	O	O	O	
itself	O	O	O	O	
sluggishly	O	O	O	O	
along	O	O	O	O	
,	O	O	O	O	
tired	O	O	O	O	
of	O	O	O	O	
the	O	O	O	O	
heavy	O	O	O	O	
weight	O	O	O	O	
of	O	O	O	O	
boats	B-VEH	O	O	O	
and	O	O	O	O	
coal-barges	B-VEH	O	O	O	
.	O	O	O	O	

What	O	O	O	O	
wonder	O	O	O	O	
?	O	O	O	O	

When	O	O	O	O	
I	O	O	O	O	
was	O	O	O	O	
a	B-PER	O	O	O	
child	I-PER	O	O	O	
,	O	O	O	O	
I	O	O	O	O	
used	O	O	O	O	
to	O	O	O	O	
fancy	O	O	O	O	
a	O	O	O	O	
look	O	O	O	O	
of	O	O	O	O	
weary	O	O	O	O	
,	O	O	O	O	
dumb	O	O	O	O	
appeal	O	O	O	O	
upon	O	O	O	O	
the	O	O	O	O	
face	O	O	O	O	
of	O	O	O	O	
the	O	B-LOC	O	O	
negro-like	B-PER	I-LOC	O	O	
river	O	I-LOC	O	O	
slavishly	O	I-LOC	O	O	
bearing	O	I-LOC	O	O	
its	O	I-LOC	O	O	
burden	O	I-LOC	O	O	
day	O	I-LOC	O	O	
after	O	I-LOC	O	O	
day	O	I-LOC	O	O	
.	O	O	O	O	

Something	O	O	O	O	
of	O	O	O	O	
the	O	O	O	O	
same	O	O	O	O	
idle	O	O	O	O	
notion	O	O	O	O	
comes	O	O	O	O	
to	O	O	O	O	
me	O	O	O	O	
to-day	O	O	O	O	
,	O	O	O	O	
when	O	O	O	O	
from	O	O	O	O	
the	O	O	O	O	
street-window	O	O	O	O	
I	O	O	O	O	
look	O	O	O	O	
on	O	O	O	O	
the	O	B-PER	O	O	
slow	O	I-PER	O	O	
stream	O	I-PER	O	O	
of	O	I-PER	O	O	
human	B-PER	I-PER	O	O	
life	I-PER	I-PER	O	O	
creeping	O	I-PER	O	O	
past	O	I-PER	O	O	
,	O	I-PER	O	O	
night	O	I-PER	O	O	
and	O	I-PER	O	O	
morning	O	I-PER	O	O	
,	O	I-PER	O	O	
to	O	I-PER	O	O	
the	B-FAC	I-PER	O	O	
great	I-FAC	I-PER	O	O	
mills	I-FAC	I-PER	O	O	
.	O	O	O	O	

Masses	O	B-PER	O	O	
of	O	I-PER	O	O	
men	B-PER	I-PER	O	O	
,	O	I-PER	O	O	
with	O	I-PER	O	O	
dull	O	I-PER	O	O	
,	O	I-PER	O	O	
besotted	O	I-PER	O	O	
faces	O	I-PER	O	O	
bent	O	I-PER	O	O	
to	O	I-PER	O	O	
the	O	I-PER	O	O	
ground	O	I-PER	O	O	
,	O	I-PER	O	O	
sharpened	O	I-PER	O	O	
here	O	I-PER	O	O	
and	O	I-PER	O	O	
there	O	I-PER	O	O	
by	O	I-PER	O	O	
pain	O	I-PER	O	O	
or	O	I-PER	O	O	
cunning	O	I-PER	O	O	
;	O	O	O	O	
skin	O	O	O	O	
and	O	O	O	O	
muscle	O	O	O	O	
and	O	O	O	O	
flesh	O	O	O	O	
begrimed	O	O	O	O	
with	O	O	O	O	
smoke	O	O	O	O	
and	O	O	O	O	
ashes	O	O	O	O	
;	O	O	O	O	
stooping	O	O	O	O	
all	O	O	O	O	
night	O	O	O	O	
over	O	O	O	O	
boiling	O	O	O	O	
caldrons	O	O	O	O	
of	O	O	O	O	
metal	O	O	O	O	
,	O	O	O	O	
laired	O	O	O	O	
by	O	O	O	O	
day	O	O	O	O	
in	O	O	O	O	
dens	B-FAC	O	O	O	
of	I-FAC	O	O	O	
drunkenness	I-FAC	O	O	O	
and	I-FAC	O	O	O	
infamy	I-FAC	O	O	O	
;	O	O	O	O	
breathing	O	O	O	O	
from	O	O	O	O	
infancy	O	O	O	O	
to	O	O	O	O	
death	O	O	O	O	
an	O	O	O	O	
air	O	O	O	O	
saturated	O	O	O	O	
with	O	O	O	O	
fog	O	O	O	O	
and	O	O	O	O	
grease	O	O	O	O	
and	O	O	O	O	
soot	O	O	O	O	
,	O	O	O	O	
vileness	O	O	O	O	
for	O	O	O	O	
soul	O	O	O	O	
and	O	O	O	O	
body	O	O	O	O	
.	O	O	O	O	

What	O	O	O	O	
do	O	O	O	O	
you	O	O	O	O	
make	O	O	O	O	
of	O	O	O	O	
a	O	O	O	O	
case	O	O	O	O	
like	O	O	O	O	
that	O	O	O	O	
,	O	O	O	O	
amateur	O	O	O	O	
psychologist	O	O	O	O	
?	O	O	O	O	

You	O	O	O	O	
call	O	O	O	O	
it	O	O	O	O	
an	O	O	O	O	
altogether	O	O	O	O	
serious	O	O	O	O	
thing	O	O	O	O	
to	O	O	O	O	
be	O	O	O	O	
alive	O	O	O	O	
:	O	O	O	O	
to	O	O	O	O	
these	B-PER	O	O	O	
men	I-PER	O	O	O	
it	O	O	O	O	
is	O	O	O	O	
a	O	O	O	O	
drunken	O	O	O	O	
jest	O	O	O	O	
,	O	O	O	O	
a	O	O	O	O	
joke	O	O	O	O	
,	O	O	O	O	
--	O	O	O	O	
horrible	O	O	O	O	
to	O	O	O	O	
angels	B-PER	O	O	O	
perhaps	O	O	O	O	
,	O	O	O	O	
to	O	O	O	O	
them	O	O	O	O	
commonplace	O	O	O	O	
enough	O	O	O	O	
.	O	O	O	O	

My	O	O	O	O	
fancy	O	O	O	O	
about	O	O	O	O	
the	B-LOC	O	O	O	
river	I-LOC	O	O	O	
was	O	O	O	O	
an	O	O	O	O	
idle	O	O	O	O	
one	O	O	O	O	
:	O	O	O	O	
it	O	O	O	O	
is	O	O	O	O	
no	O	O	O	O	
type	O	O	O	O	
of	O	O	O	O	
such	O	O	O	O	
a	O	O	O	O	
life	O	O	O	O	
.	O	O	O	O	

What	O	O	O	O	
if	O	O	O	O	
it	O	O	O	O	
be	O	O	O	O	
stagnant	O	O	O	O	
and	O	O	O	O	
slimy	O	O	O	O	
here	O	O	O	O	
?	O	O	O	O	

It	O	O	O	O	
knows	O	O	O	O	
that	O	O	O	O	
beyond	O	O	O	O	
there	O	O	O	O	
waits	O	O	O	O	
for	O	O	O	O	
it	O	O	O	O	
odorous	O	O	O	O	
sunlight	O	O	O	O	
,	O	O	O	O	
quaint	B-FAC	O	O	O	
old	I-FAC	O	O	O	
gardens	I-FAC	O	O	O	
,	I-FAC	O	O	O	
dusky	I-FAC	O	O	O	
with	I-FAC	O	O	O	
soft	I-FAC	O	O	O	
,	I-FAC	O	O	O	
green	I-FAC	O	O	O	
foliage	I-FAC	O	O	O	
of	I-FAC	O	O	O	
apple-trees	I-FAC	O	O	O	
,	I-FAC	O	O	O	
and	I-FAC	O	O	O	
flushing	I-FAC	O	O	O	
crimson	I-FAC	O	O	O	
with	I-FAC	O	O	O	
roses	I-FAC	O	O	O	
,	O	O	O	O	
--	O	O	O	O	
air	O	O	O	O	
,	O	O	O	O	
and	O	O	O	O	
fields	B-LOC	O	O	O	
,	O	O	O	O	
and	O	O	O	O	
mountains	B-LOC	O	O	O	
.	O	O	O	O	

The	O	O	O	O	
future	O	O	O	O	
of	O	O	O	O	
the	B-PER	O	O	O	
Welsh	I-PER	O	O	O	
puddler	I-PER	O	O	O	
passing	I-PER	O	O	O	
just	I-PER	O	O	O	
now	I-PER	O	O	O	
is	O	O	O	O	
not	O	O	O	O	
so	O	O	O	O	
pleasant	O	O	O	O	
.	O	O	O	O	

To	O	O	O	O	
be	O	O	O	O	
stowed	O	O	O	O	
away	O	O	O	O	
,	O	O	O	O	
after	O	O	O	O	
his	O	O	O	O	
grimy	O	O	O	O	
work	O	O	O	O	
is	O	O	O	O	
done	O	O	O	O	
,	O	O	O	O	
in	O	O	O	O	
a	O	O	O	O	
hole	O	O	O	O	
in	O	O	O	O	
the	B-FAC	O	O	O	
muddy	I-FAC	O	O	O	
graveyard	I-FAC	O	O	O	
,	O	O	O	O	
and	O	O	O	O	
after	O	O	O	O	
that	O	O	O	O	
,	O	O	O	O	
not	O	O	O	O	
air	O	O	O	O	
,	O	O	O	O	
nor	O	O	O	O	
green	B-LOC	O	O	O	
fields	I-LOC	O	O	O	
,	O	O	O	O	
nor	O	O	O	O	
curious	O	O	O	O	
roses	O	O	O	O	
.	O	O	O	O	

Can	O	O	O	O	
you	O	O	O	O	
see	O	O	O	O	
how	O	O	O	O	
foggy	O	O	O	O	
the	O	O	O	O	
day	O	O	O	O	
is	O	O	O	O	
?	O	O	O	O	

As	O	O	O	O	
I	O	O	O	O	
stand	O	O	O	O	
here	O	O	O	O	
,	O	O	O	O	
idly	O	O	O	O	
tapping	O	O	O	O	
the	O	O	O	O	
windowpane	O	O	O	O	
,	O	O	O	O	
and	O	O	O	O	
looking	O	O	O	O	
out	O	O	O	O	
through	O	O	O	O	
the	O	O	O	O	
rain	O	O	O	O	
at	O	O	O	O	
the	B-FAC	O	O	O	
dirty	I-FAC	O	O	O	
back-yard	I-FAC	O	O	O	
and	O	O	O	O	
the	B-VEH	O	O	O	
coalboats	I-VEH	O	O	O	
below	O	O	O	O	
,	O	O	O	O	
fragments	O	O	O	O	
of	O	O	O	O	
an	O	O	O	O	
old	O	O	O	O	
story	O	O	O	O	
float	O	O	O	O	
up	O	O	O	O	
before	O	O	O	O	
me	O	O	O	O	
,	O	O	O	O	
--	O	O	O	O	
a	O	O	O	O	
story	O	O	O	O	
of	O	O	O	O	
this	B-FAC	O	O	O	
house	I-FAC	O	O	O	
into	O	O	O	O	
which	O	O	O	O	
I	O	O	O	O	
happened	O	O	O	O	
to	O	O	O	O	
come	O	O	O	O	
to-day	O	O	O	O	
.	O	O	O	O	

You	O	O	O	O	
may	O	O	O	O	
think	O	O	O	O	
it	O	O	O	O	
a	O	O	O	O	
tiresome	O	O	O	O	
story	O	O	O	O	
enough	O	O	O	O	
,	O	O	O	O	
as	O	O	O	O	
foggy	O	O	O	O	
as	O	O	O	O	
the	O	O	O	O	
day	O	O	O	O	
,	O	O	O	O	
sharpened	O	O	O	O	
by	O	O	O	O	
no	O	O	O	O	
sudden	O	O	O	O	
flashes	O	O	O	O	
of	O	O	O	O	
pain	O	O	O	O	
or	O	O	O	O	
pleasure	O	O	O	O	
.	O	O	O	O	

--	O	O	O	O	
I	O	O	O	O	
know	O	O	O	O	
:	O	O	O	O	
only	O	O	O	O	
the	O	O	O	O	
outline	O	O	O	O	
of	O	O	O	O	
a	O	O	O	O	
dull	O	O	O	O	
life	O	O	O	O	
,	O	O	O	O	
that	O	O	O	O	
long	O	O	O	O	
since	O	O	O	O	
,	O	O	O	O	
with	O	O	O	O	
thousands	O	O	O	O	
of	O	O	O	O	
dull	O	O	O	O	
lives	O	O	O	O	
like	O	O	O	O	
its	O	O	O	O	
own	O	O	O	O	
,	O	O	O	O	
was	O	O	O	O	
vainly	O	O	O	O	
lived	O	O	O	O	
and	O	O	O	O	
lost	O	O	O	O	
:	O	O	O	O	
thousands	O	O	O	O	
of	O	O	O	O	
them	O	O	O	O	
,	O	O	O	O	
massed	O	O	O	O	
,	O	O	O	O	
vile	O	O	O	O	
,	O	O	O	O	
slimy	O	O	O	O	
lives	O	O	O	O	
,	O	O	O	O	
like	O	O	O	O	
those	O	O	O	O	
of	O	O	O	O	
the	O	O	O	O	
torpid	O	O	O	O	
lizards	O	O	O	O	
in	O	O	O	O	
yonder	B-LOC	O	O	O	
stagnant	I-LOC	O	O	O	
water-butt	I-LOC	O	O	O	
.	O	O	O	O	

--	O	O	O	O	
Lost	O	O	O	O	
?	O	O	O	O	

There	O	O	O	O	
is	O	O	O	O	
a	O	O	O	O	
curious	O	O	O	O	
point	O	O	O	O	
for	O	O	O	O	
you	O	O	O	O	
to	O	O	O	O	
settle	O	O	O	O	
,	O	O	O	O	
my	B-PER	O	O	O	
friend	I-PER	O	O	O	
,	O	O	O	O	
who	O	O	O	O	
study	O	O	O	O	
psychology	O	O	O	O	
in	O	O	O	O	
a	O	O	O	O	
lazy	O	O	O	O	
,	O	O	O	O	
dilettante	O	O	O	O	
way	O	O	O	O	
.	O	O	O	O	

Stop	O	O	O	O	
a	O	O	O	O	
moment	O	O	O	O	
.	O	O	O	O	

I	O	O	O	O	
am	O	O	O	O	
going	O	O	O	O	
to	O	O	O	O	
be	O	O	O	O	
honest	O	O	O	O	
.	O	O	O	O	

This	O	O	O	O	
is	O	O	O	O	
what	O	O	O	O	
I	O	O	O	O	
want	O	O	O	O	
you	O	O	O	O	
to	O	O	O	O	
do	O	O	O	O	
.	O	O	O	O	

I	O	O	O	O	
want	O	O	O	O	
you	O	O	O	O	
to	O	O	O	O	
hide	O	O	O	O	
your	O	O	O	O	
disgust	O	O	O	O	
,	O	O	O	O	
take	O	O	O	O	
no	O	O	O	O	
heed	O	O	O	O	
to	O	O	O	O	
your	O	O	O	O	
clean	O	O	O	O	
clothes	O	O	O	O	
,	O	O	O	O	
and	O	O	O	O	
come	O	O	O	O	
right	O	O	O	O	
down	O	O	O	O	
with	O	O	O	O	
me	O	O	O	O	
,	O	O	O	O	
--	O	O	O	O	
here	O	O	O	O	
,	O	O	O	O	
into	O	O	O	O	
the	O	O	O	O	
thickest	O	O	O	O	
of	O	O	O	O	
the	O	O	O	O	
fog	O	O	O	O	
and	O	O	O	O	
mud	O	O	O	O	
and	O	O	O	O	
foul	O	O	O	O	
effluvia	O	O	O	O	
.	O	O	O	O	

I	O	O	O	O	
want	O	O	O	O	
you	O	O	O	O	
to	O	O	O	O	
hear	O	O	O	O	
this	O	O	O	O	
story	O	O	O	O	
.	O	O	O	O	

There	O	O	O	O	
is	O	O	O	O	
a	O	O	O	O	
secret	O	O	O	O	
down	O	O	O	O	
here	O	O	O	O	
,	O	O	O	O	
in	O	O	O	O	
this	O	O	O	O	
nightmare	O	O	O	O	
fog	O	O	O	O	
,	O	O	O	O	
that	O	O	O	O	
has	O	O	O	O	
lain	O	O	O	O	
dumb	O	O	O	O	
for	O	O	O	O	
centuries	O	O	O	O	
:	O	O	O	O	
I	O	O	O	O	
want	O	O	O	O	
to	O	O	O	O	
make	O	O	O	O	
it	O	O	O	O	
a	O	O	O	O	
real	O	O	O	O	
thing	O	O	O	O	
to	O	O	O	O	
you	O	O	O	O	
.	O	O	O	O	

You	O	O	O	O	
,	O	O	O	O	
Egoist	B-PER	O	O	O	
,	O	O	O	O	
or	O	O	O	O	
Pantheist	B-PER	O	O	O	
,	O	O	O	O	
or	O	O	O	O	
Arminian	B-PER	O	O	O	
,	O	O	O	O	
busy	O	O	O	O	
in	O	O	O	O	
making	O	O	O	O	
straight	O	O	O	O	
paths	O	O	O	O	
for	O	O	O	O	
your	O	O	O	O	
feet	O	O	O	O	
on	O	O	O	O	
the	B-LOC	O	O	O	
hills	I-LOC	O	O	O	
,	O	O	O	O	
do	O	O	O	O	
not	O	O	O	O	
see	O	O	O	O	
it	O	O	O	O	
clearly	O	O	O	O	
,	O	O	O	O	
--	O	O	O	O	
this	O	O	O	O	
terrible	O	O	O	O	
question	O	O	O	O	
which	O	O	O	O	
men	B-PER	O	O	O	
here	I-PER	O	O	O	
have	O	O	O	O	
gone	O	O	O	O	
mad	O	O	O	O	
and	O	O	O	O	
died	O	O	O	O	
trying	O	O	O	O	
to	O	O	O	O	
answer	O	O	O	O	
.	O	O	O	O	

I	O	O	O	O	
dare	O	O	O	O	
not	O	O	O	O	
put	O	O	O	O	
this	O	O	O	O	
secret	O	O	O	O	
into	O	O	O	O	
words	O	O	O	O	
.	O	O	O	O	

I	O	O	O	O	
told	O	O	O	O	
you	O	O	O	O	
it	O	O	O	O	
was	O	O	O	O	
dumb	O	O	O	O	
.	O	O	O	O	

These	B-PER	B-PER	O	O	
men	I-PER	I-PER	O	O	
,	O	I-PER	O	O	
going	O	I-PER	O	O	
by	O	I-PER	O	O	
with	O	I-PER	O	O	
drunken	O	I-PER	O	O	
faces	O	I-PER	O	O	
and	O	I-PER	O	O	
brains	O	I-PER	O	O	
full	O	I-PER	O	O	
of	O	I-PER	O	O	
unawakened	O	I-PER	O	O	
power	O	I-PER	O	O	
,	O	O	O	O	
do	O	O	O	O	
not	O	O	O	O	
ask	O	O	O	O	
it	O	O	O	O	
of	O	O	O	O	
Society	O	O	O	O	
or	O	O	O	O	
of	O	O	O	O	
God	B-PER	O	O	O	
.	O	O	O	O	

Their	O	O	O	O	
lives	O	O	O	O	
ask	O	O	O	O	
it	O	O	O	O	
;	O	O	O	O	
their	O	O	O	O	
deaths	O	O	O	O	
ask	O	O	O	O	
it	O	O	O	O	
.	O	O	O	O	

There	O	O	O	O	
is	O	O	O	O	
no	O	O	O	O	
reply	O	O	O	O	
.	O	O	O	O	

I	O	O	O	O	
will	O	O	O	O	
tell	O	O	O	O	
you	O	O	O	O	
plainly	O	O	O	O	
that	O	O	O	O	
I	O	O	O	O	
have	O	O	O	O	
a	O	O	O	O	
great	O	O	O	O	
hope	O	O	O	O	
;	O	O	O	O	
and	O	O	O	O	
I	O	O	O	O	
bring	O	O	O	O	
it	O	O	O	O	
to	O	O	O	O	
you	O	O	O	O	
to	O	O	O	O	
be	O	O	O	O	
tested	O	O	O	O	
.	O	O	O	O	

It	O	O	O	O	
is	O	O	O	O	
this	O	O	O	O	
:	O	O	O	O	
that	O	O	O	O	
this	O	O	O	O	
terrible	O	O	O	O	
dumb	O	O	O	O	
question	O	O	O	O	
is	O	O	O	O	
its	O	O	O	O	
own	O	O	O	O	
reply	O	O	O	O	
;	O	O	O	O	
that	O	O	O	O	
it	O	O	O	O	
is	O	O	O	O	
not	O	O	O	O	
the	O	O	O	O	
sentence	O	O	O	O	
of	O	O	O	O	
death	O	O	O	O	
we	O	O	O	O	
think	O	O	O	O	
it	O	O	O	O	
,	O	O	O	O	
but	O	O	O	O	
,	O	O	O	O	
from	O	O	O	O	
the	O	O	O	O	
very	O	O	O	O	
extremity	O	O	O	O	
of	O	O	O	O	
its	O	O	O	O	
darkness	O	O	O	O	
,	O	O	O	O	
the	O	O	O	O	
most	O	O	O	O	
solemn	O	O	O	O	
prophecy	O	O	O	O	
which	O	O	O	O	
the	B-LOC	O	O	O	
world	I-LOC	O	O	O	
has	O	O	O	O	
known	O	O	O	O	
of	O	O	O	O	
the	O	O	O	O	
Hope	O	O	O	O	
to	O	O	O	O	
come	O	O	O	O	
.	O	O	O	O	

I	O	O	O	O	
dare	O	O	O	O	
make	O	O	O	O	
my	O	O	O	O	
meaning	O	O	O	O	
no	O	O	O	O	
clearer	O	O	O	O	
,	O	O	O	O	
but	O	O	O	O	
will	O	O	O	O	
only	O	O	O	O	
tell	O	O	O	O	
my	O	O	O	O	
story	O	O	O	O	
.	O	O	O	O	

It	O	O	O	O	
will	O	O	O	O	
,	O	O	O	O	
perhaps	O	O	O	O	
,	O	O	O	O	
seem	O	O	O	O	
to	O	O	O	O	
you	O	O	O	O	
as	O	O	O	O	
foul	O	O	O	O	
and	O	O	O	O	
dark	O	O	O	O	
as	O	O	O	O	
this	O	O	O	O	
thick	O	O	O	O	
vapor	O	O	O	O	
about	O	O	O	O	
us	O	O	O	O	
,	O	O	O	O	
and	O	O	O	O	
as	O	O	O	O	
pregnant	O	O	O	O	
with	O	O	O	O	
death	O	O	O	O	
;	O	O	O	O	
but	O	O	O	O	
if	O	O	O	O	
your	O	O	O	O	
eyes	O	O	O	O	
are	O	O	O	O	
free	O	O	O	O	
as	O	O	O	O	
mine	O	O	O	O	
are	O	O	O	O	
to	O	O	O	O	
look	O	O	O	O	
deeper	O	O	O	O	
,	O	O	O	O	
no	O	O	O	O	
perfume-tinted	O	O	O	O	
dawn	O	O	O	O	
will	O	O	O	O	
be	O	O	O	O	
so	O	O	O	O	
fair	O	O	O	O	
with	O	O	O	O	
promise	O	O	O	O	
of	O	O	O	O	
the	O	O	O	O	
day	O	O	O	O	
that	O	O	O	O	
shall	O	O	O	O	
surely	O	O	O	O	
come	O	O	O	O	
.	O	O	O	O	

My	O	O	O	O	
story	O	O	O	O	
is	O	O	O	O	
very	O	O	O	O	
simple	O	O	O	O	
,	O	O	O	O	
--	O	O	O	O	
Only	O	O	O	O	
what	O	O	O	O	
I	O	O	O	O	
remember	O	O	O	O	
of	O	O	O	O	
the	O	O	O	O	
life	O	O	O	O	
of	O	O	O	O	
one	O	B-PER	O	O	
of	O	I-PER	O	O	
these	B-PER	I-PER	O	O	
men	I-PER	I-PER	O	O	
,	O	O	O	O	
--	O	O	O	O	
a	O	O	B-PER	O	
furnace-tender	B-FAC	O	I-PER	O	
in	O	O	I-PER	O	
one	O	B-FAC	I-PER	O	
of	O	I-FAC	I-PER	O	
Kirby	B-PER	I-FAC	I-PER	O	
&	O	I-FAC	I-PER	O	
John	B-PER	I-FAC	I-PER	O	
's	O	I-FAC	I-PER	O	
rolling-mills	O	I-FAC	I-PER	O	
,	O	O	O	O	
--	O	O	O	O	
Hugh	B-PER	O	O	O	
Wolfe	I-PER	O	O	O	
.	O	O	O	O	

You	O	O	O	O	
know	O	O	O	O	
the	B-FAC	O	O	O	
mills	I-FAC	O	O	O	
?	O	O	O	O	

They	O	O	O	O	
took	O	O	O	O	
the	O	O	O	O	
great	O	O	O	O	
order	O	O	O	O	
for	O	O	O	O	
the	O	B-FAC	O	O	
lower	O	I-FAC	O	O	
Virginia	B-GPE	I-FAC	O	O	
railroads	O	I-FAC	O	O	
there	B-FAC	O	O	O	
last	O	O	O	O	
winter	O	O	O	O	
;	O	O	O	O	
run	O	O	O	O	
usually	O	O	O	O	
with	O	O	O	O	
about	O	O	O	O	
a	B-PER	O	O	O	
thousand	I-PER	O	O	O	
men	I-PER	O	O	O	
.	O	O	O	O	

I	O	O	O	O	
can	O	O	O	O	
not	O	O	O	O	
tell	O	O	O	O	
why	O	O	O	O	
I	O	O	O	O	
choose	O	O	O	O	
the	O	O	O	O	
half-forgotten	O	O	O	O	
story	O	O	O	O	
of	O	O	O	O	
this	B-PER	O	O	O	
Wolfe	I-PER	O	O	O	
more	O	O	O	O	
than	O	O	O	O	
that	O	O	O	O	
of	O	O	O	O	
myriads	O	B-PER	O	O	
of	O	I-PER	O	O	
these	B-PER	I-PER	O	O	
furnace-hands	I-PER	I-PER	O	O	
.	O	O	O	O	

Perhaps	O	O	O	O	
because	O	O	O	O	
there	O	O	O	O	
is	O	O	O	O	
a	O	O	O	O	
secret	O	O	O	O	
,	O	O	O	O	
underlying	O	O	O	O	
sympathy	O	O	O	O	
between	O	O	O	O	
that	O	O	O	O	
story	O	O	O	O	
and	O	O	O	O	
this	O	O	O	O	
day	O	O	O	O	
with	O	O	O	O	
its	O	O	O	O	
impure	O	O	O	O	
fog	O	O	O	O	
and	O	O	O	O	
thwarted	O	O	O	O	
sunshine	O	O	O	O	
,	O	O	O	O	
--	O	O	O	O	
or	O	O	O	O	
perhaps	O	O	O	O	
simply	O	O	O	O	
for	O	O	O	O	
the	O	O	O	O	
reason	O	O	O	O	
that	O	O	O	O	
this	B-FAC	O	O	O	
house	I-FAC	O	O	O	
is	O	O	O	O	
the	O	O	O	O	
one	O	O	O	O	
where	O	O	O	O	
the	B-PER	O	O	O	
Wolfes	I-PER	O	O	O	
lived	O	O	O	O	
.	O	O	O	O	

There	O	O	O	O	
were	O	O	O	O	
the	B-PER	O	O	O	
father	I-PER	O	O	O	
and	O	O	O	O	
son	B-PER	O	O	O	
,	O	O	O	O	
--	O	O	O	O	
both	O	O	O	O	
hands	O	O	B-PER	O	
,	O	O	I-PER	O	
as	O	O	I-PER	O	
I	O	O	I-PER	O	
said	O	O	I-PER	O	
,	O	O	I-PER	O	
in	O	O	I-PER	O	
one	O	B-FAC	I-PER	O	
of	O	I-FAC	I-PER	O	
Kirby	B-PER	I-FAC	I-PER	O	
&	O	I-FAC	I-PER	O	
John	B-PER	I-FAC	I-PER	O	
's	O	I-FAC	I-PER	O	
mills	O	I-FAC	I-PER	O	
for	O	O	I-PER	O	
making	O	O	I-PER	O	
railroad-iron	O	O	I-PER	O	
,	O	O	O	O	
--	O	O	O	O	
and	O	O	O	O	
Deborah	B-PER	O	O	O	
,	O	O	O	O	
their	B-PER	O	O	O	
cousin	I-PER	O	O	O	
,	O	O	O	O	
a	O	B-PER	O	O	
picker	O	I-PER	O	O	
in	O	I-PER	O	O	
some	O	I-PER	O	O	
of	O	I-PER	O	O	
the	B-FAC	I-PER	O	O	
cotton-mills	I-FAC	I-PER	O	O	
.	O	O	O	O	

The	B-FAC	O	O	O	
house	I-FAC	O	O	O	
was	O	O	O	O	
rented	O	O	O	O	
then	O	O	O	O	
to	O	O	O	O	
half	B-PER	O	O	O	
a	I-PER	O	O	O	
dozen	I-PER	O	O	O	
families	I-PER	O	O	O	
.	O	O	O	O	

The	B-PER	O	O	O	
Wolfes	I-PER	O	O	O	
had	O	O	O	O	
two	B-FAC	O	O	O	
of	I-FAC	O	O	O	
the	I-FAC	O	O	O	
cellar-rooms	I-FAC	O	O	O	
.	O	O	O	O	

The	B-PER	O	O	O	
old	I-PER	O	O	O	
man	I-PER	O	O	O	
,	O	O	O	O	
like	O	O	O	O	
many	O	O	O	O	
of	O	O	O	O	
the	O	B-PER	O	O	
puddlers	O	I-PER	O	O	
and	O	I-PER	O	O	
feeders	O	I-PER	O	O	
of	O	I-PER	O	O	
the	B-FAC	I-PER	O	O	
mills	I-FAC	I-PER	O	O	
,	O	O	O	O	
was	O	O	O	O	
Welsh	B-PER	O	O	O	
,	O	O	O	O	
--	O	O	O	O	
had	O	O	O	O	
spent	O	O	O	O	
half	O	O	O	O	
of	O	O	O	O	
his	O	O	O	O	
life	O	O	O	O	
in	O	O	O	O	
the	B-FAC	O	O	O	
Cornish	I-FAC	O	O	O	
tin-mines	I-FAC	O	O	O	
.	O	O	O	O	

You	O	O	O	O	
may	O	O	O	O	
pick	O	O	O	O	
the	B-PER	O	O	O	
Welsh	I-PER	O	O	O	
emigrants	I-PER	O	O	O	
,	O	O	O	O	
Cornish	B-PER	O	O	O	
miners	I-PER	O	O	O	
,	O	O	O	O	
out	O	O	O	O	
of	O	O	O	O	
the	B-PER	O	O	O	
throng	I-PER	O	O	O	
passing	I-PER	O	O	O	
the	I-PER	O	O	O	
windows	I-PER	O	O	O	
,	O	O	O	O	
any	O	O	O	O	
day	O	O	O	O	
.	O	O	O	O	

They	O	O	O	O	
are	O	O	O	O	
a	O	O	O	O	
trifle	O	O	O	O	
more	O	O	O	O	
filthy	O	O	O	O	
;	O	O	O	O	
their	O	O	O	O	
muscles	O	O	O	O	
are	O	O	O	O	
not	O	O	O	O	
so	O	O	O	O	
brawny	O	O	O	O	
;	O	O	O	O	
they	O	O	O	O	
stoop	O	O	O	O	
more	O	O	O	O	
.	O	O	O	O	

When	O	O	O	O	
they	O	O	O	O	
are	O	O	O	O	
drunk	O	O	O	O	
,	O	O	O	O	
they	O	O	O	O	
neither	O	O	O	O	
yell	O	O	O	O	
,	O	O	O	O	
nor	O	O	O	O	
shout	O	O	O	O	
,	O	O	O	O	
nor	O	O	O	O	
stagger	O	O	O	O	
,	O	O	O	O	
but	O	O	O	O	
skulk	O	O	O	O	
along	O	O	O	O	
like	O	O	O	O	
beaten	O	O	O	O	
hounds	O	O	O	O	
.	O	O	O	O	

A	O	O	O	O	
pure	O	O	O	O	
,	O	O	O	O	
unmixed	O	O	O	O	
blood	O	O	O	O	
,	O	O	O	O	
I	O	O	O	O	
fancy	O	O	O	O	
:	O	O	O	O	
shows	O	O	O	O	
itself	O	O	O	O	
in	O	O	O	O	
the	B-PER	O	O	O	
slight	I-PER	O	O	O	
angular	I-PER	O	O	O	
bodies	I-PER	O	O	O	
and	O	O	O	O	
sharply-cut	O	O	O	O	
facial	O	O	O	O	
lines	O	O	O	O	
.	O	O	O	O	

It	O	O	O	O	
is	O	O	O	O	
nearly	O	O	O	O	
thirty	O	O	O	O	
years	O	O	O	O	
since	O	O	O	O	
the	B-PER	O	O	O	
Wolfes	I-PER	O	O	O	
lived	O	O	O	O	
here	B-FAC	O	O	O	
.	O	O	O	O	

Their	O	O	O	O	
lives	O	O	O	O	
were	O	O	O	O	
like	O	O	O	O	
those	O	O	O	O	
of	O	O	O	O	
their	B-PER	O	O	O	
class	I-PER	O	O	O	
:	O	O	O	O	
incessant	O	O	O	O	
labor	O	O	O	O	
,	O	O	O	O	
sleeping	O	O	O	O	
in	O	O	O	O	
kennel-like	B-FAC	O	O	O	
rooms	I-FAC	O	O	O	
,	O	O	O	O	
eating	O	O	O	O	
rank	O	O	O	O	
pork	O	O	O	O	
and	O	O	O	O	
molasses	O	O	O	O	
,	O	O	O	O	
drinking	O	O	O	O	
--	O	O	O	O	
God	B-PER	O	O	O	
and	O	O	O	O	
the	B-PER	O	O	O	
distillers	I-PER	O	O	O	
only	O	O	O	O	
know	O	O	O	O	
what	O	O	O	O	
;	O	O	O	O	
with	O	O	O	O	
an	O	O	O	O	
occasional	O	O	O	O	
night	O	O	O	O	
in	O	O	O	O	
jail	B-FAC	O	O	O	
,	O	O	O	O	
to	O	O	O	O	
atone	O	O	O	O	
for	O	O	O	O	
some	O	O	O	O	
drunken	O	O	O	O	
excess	O	O	O	O	
.	O	O	O	O	

Is	O	O	O	O	
that	O	O	O	O	
all	O	O	O	O	
of	O	O	O	O	
their	O	O	O	O	
lives	O	O	O	O	
?	O	O	O	O	

--	O	O	O	O	
of	O	O	O	O	
the	O	O	O	O	
portion	O	O	O	O	
given	O	O	O	O	
to	O	O	O	O	
them	O	O	O	O	
and	O	O	O	O	
these	O	O	O	O	
their	O	B-PER	O	O	
duplicates	O	I-PER	O	O	
swarming	O	I-PER	O	O	
the	B-FAC	I-PER	O	O	
streets	I-FAC	I-PER	O	O	
to-day	O	I-PER	O	O	
?	O	O	O	O	

--	O	O	O	O	
nothing	O	O	O	O	
beneath	O	O	O	O	
?	O	O	O	O	

--	O	O	O	O	
all	O	O	O	O	
?	O	O	O	O	

So	B-PER	O	O	O	
many	I-PER	O	O	O	
a	I-PER	O	O	O	
political	I-PER	O	O	O	
reformer	I-PER	O	O	O	
will	O	O	O	O	
tell	O	O	O	O	
you	O	O	O	O	
,	O	O	O	O	
--	O	O	O	O	
and	O	O	O	O	
many	O	B-PER	O	O	
a	O	I-PER	O	O	
private	O	I-PER	O	O	
reformer	O	I-PER	O	O	
,	O	I-PER	O	O	
too	O	I-PER	O	O	
,	O	I-PER	O	O	
who	O	I-PER	O	O	
has	O	I-PER	O	O	
gone	O	I-PER	O	O	
among	O	I-PER	O	O	
them	O	I-PER	O	O	
with	O	I-PER	O	O	
a	O	I-PER	O	O	
heart	O	I-PER	O	O	
tender	O	I-PER	O	O	
with	O	I-PER	O	O	
Christ	B-PER	I-PER	O	O	
's	O	I-PER	O	O	
charity	O	I-PER	O	O	
,	O	I-PER	O	O	
and	O	I-PER	O	O	
come	O	I-PER	O	O	
out	O	I-PER	O	O	
outraged	O	I-PER	O	O	
,	O	I-PER	O	O	
hardened	O	I-PER	O	O	
.	O	O	O	O	

One	O	O	O	O	
rainy	O	O	O	O	
night	O	O	O	O	
,	O	O	O	O	
about	O	O	O	O	
eleven	O	O	O	O	
o'clock	O	O	O	O	
,	O	O	O	O	
a	O	B-PER	O	O	
crowd	O	I-PER	O	O	
of	O	I-PER	O	O	
half-clothed	B-PER	I-PER	O	O	
women	I-PER	I-PER	O	O	
stopped	O	O	O	O	
outside	O	O	O	O	
of	O	O	O	O	
the	B-FAC	O	O	O	
cellar-door	I-FAC	O	O	O	
.	O	O	O	O	

They	O	O	O	O	
were	O	O	O	O	
going	O	O	O	O	
home	B-FAC	O	O	O	
from	O	O	O	O	
the	B-FAC	O	O	O	
cotton-mill	I-FAC	O	O	O	
.	O	O	O	O	

“	O	O	O	O	
Good-night	O	O	O	O	
,	O	O	O	O	
Deb	B-FAC	O	O	O	
,	O	O	O	O	
”	O	O	O	O	
said	O	O	O	O	
one	O	O	O	O	
,	O	O	O	O	
a	B-FAC	O	O	O	
mulatto	I-FAC	O	O	O	
,	O	O	O	O	
steadying	O	O	O	O	
herself	O	O	O	O	
against	O	O	O	O	
the	O	O	O	O	
gas-post	O	O	O	O	
.	O	O	O	O	

She	O	O	O	O	
needed	O	O	O	O	
the	O	O	O	O	
post	O	O	O	O	
to	O	O	O	O	
steady	O	O	O	O	
her	O	O	O	O	
.	O	O	O	O	

So	O	O	O	O	
did	O	O	O	O	
more	O	O	O	O	
than	O	O	O	O	
one	O	O	O	O	
of	O	O	O	O	
them	O	O	O	O	
.	O	O	O	O	

“	O	O	O	O	
Dah	O	O	O	O	
's	O	O	O	O	
a	O	O	O	O	
ball	O	O	O	O	
to	O	O	O	O	
Miss	B-PER	B-FAC	O	O	
Potts	O	I-FAC	O	O	
'	O	I-FAC	O	O	
to-night	O	O	O	O	
.	O	O	O	O	

Ye	O	O	O	O	
'd	O	O	O	O	
best	O	O	O	O	
come	O	O	O	O	
.	O	O	O	O	
”	O	O	O	O	

“	O	O	O	O	
Inteet	O	O	O	O	
,	O	O	O	O	
Deb	B-PER	O	O	O	
,	O	O	O	O	
if	O	O	O	O	
hur	O	O	O	O	
'll	O	O	O	O	
come	O	O	O	O	
,	O	O	O	O	
hur	O	O	O	O	
'll	O	O	O	O	
hef	O	O	O	O	
fun	O	O	O	O	
,	O	O	O	O	
”	O	O	O	O	
said	O	O	O	O	
a	O	O	O	O	
shrill	O	O	O	O	
Welsh	O	O	O	O	
voice	O	O	O	O	
in	O	O	O	O	
the	B-PER	O	O	O	
crowd	I-PER	O	O	O	
.	O	O	O	O	

Two	O	O	O	O	
or	O	O	O	O	
three	O	O	O	O	
dirty	O	O	O	O	
hands	O	O	O	O	
were	O	O	O	O	
thrust	O	O	O	O	
out	O	O	O	O	
to	O	O	O	O	
catch	O	O	O	O	
the	O	O	O	O	
gown	O	O	O	O	
of	O	O	O	O	
the	B-PER	O	O	O	
woman	I-PER	O	O	O	
,	O	O	O	O	
who	O	O	O	O	
was	O	O	O	O	
groping	O	O	O	O	
for	O	O	O	O	
the	O	O	O	O	
latch	O	O	O	O	
of	O	O	O	O	
the	O	O	O	O	
door	O	O	O	O	
.	O	O	O	O	

“	O	O	O	O	
No	O	O	O	O	
.	O	O	O	O	
”	O	O	O	O	

“	O	O	O	O	
No	O	O	O	O	
?	O	O	O	O	

Where	O	O	O	O	
's	O	O	O	O	
Kit	B-PER	O	O	O	
Small	I-PER	O	O	O	
,	O	O	O	O	
then	O	O	O	O	
?	O	O	O	O	
”	O	O	O	O	

“	O	O	O	O	
Begorra	O	O	O	O	
!	O	O	O	O	

on	O	O	O	O	
the	O	O	O	O	
spools	O	O	O	O	
.	O	O	O	O	

Alleys	O	O	O	O	
behint	O	O	O	O	
,	O	O	O	O	
though	O	O	O	O	
we	O	O	O	O	
helped	O	O	O	O	
her	O	O	O	O	
,	O	O	O	O	
we	O	O	O	O	
dud	O	O	O	O	
.	O	O	O	O	

An	O	O	O	O	
wid	O	O	O	O	
ye	O	O	O	O	
!	O	O	O	O	

Let	O	O	O	O	
Deb	B-PER	O	O	O	
alone	O	O	O	O	
!	O	O	O	O	

It	O	O	O	O	
's	O	O	O	O	
ondacent	O	O	O	O	
frettin	O	O	O	O	
'	O	O	O	O	
a	B-PER	O	O	O	
quite	I-PER	O	O	O	
body	I-PER	O	O	O	
.	O	O	O	O	

Be	O	O	O	O	
the	O	O	O	O	
powers	O	O	O	O	
,	O	O	O	O	
an	O	O	O	O	
we	O	O	O	O	
'll	O	O	O	O	
have	O	O	O	O	
a	O	O	O	O	
night	O	O	O	O	
of	O	O	O	O	
it	O	O	O	O	
!	O	O	O	O	

there	O	O	O	O	
'll	O	O	O	O	
be	O	O	O	O	
lashin	O	O	O	O	
's	O	O	O	O	
o	O	O	O	O	
'	O	O	O	O	
drink	O	O	O	O	
,	O	O	O	O	
--	O	O	O	O	
the	B-PER	O	O	O	
Vargent	I-PER	O	O	O	
be	O	O	O	O	
blessed	O	O	O	O	
and	O	O	O	O	
praised	O	O	O	O	
for	O	O	O	O	
'	O	O	O	O	
t	O	O	O	O	
!	O	O	O	O	
”	O	O	O	O	

They	O	O	O	O	
went	O	O	O	O	
on	O	O	O	O	
,	O	O	O	O	
the	B-PER	O	O	O	
mulatto	I-PER	O	O	O	
inclining	O	O	O	O	
for	O	O	O	O	
a	O	O	O	O	
moment	O	O	O	O	
to	O	O	O	O	
show	O	O	O	O	
fight	O	O	O	O	
,	O	O	O	O	
and	O	O	O	O	
drag	O	O	O	O	
the	B-PER	O	O	O	
woman	I-PER	O	O	O	
Wolfe	I-PER	O	O	O	
off	O	O	O	O	
with	O	O	O	O	
them	O	O	O	O	
;	O	O	O	O	
but	O	O	O	O	
,	O	O	O	O	
being	O	O	O	O	
pacified	O	O	O	O	
,	O	O	O	O	
she	O	O	O	O	
staggered	O	O	O	O	
away	O	O	O	O	
.	O	O	O	O	

Deborah	B-PER	O	O	O	
groped	O	O	O	O	
her	O	O	O	O	
way	O	O	O	O	
into	O	O	O	O	
the	B-FAC	O	O	O	
cellar	I-FAC	O	O	O	
,	O	O	O	O	
and	O	O	O	O	
,	O	O	O	O	
after	O	O	O	O	
considerable	O	O	O	O	
stumbling	O	O	O	O	
,	O	O	O	O	
kindled	O	O	O	O	
a	O	O	O	O	
match	O	O	O	O	
,	O	O	O	O	
and	O	O	O	O	
lighted	O	O	O	O	
a	O	O	O	O	
tallow	O	O	O	O	
dip	O	O	O	O	
,	O	O	O	O	
that	O	O	O	O	
sent	O	O	O	O	
a	O	O	O	O	
yellow	O	O	O	O	
glimmer	O	O	O	O	
over	O	O	O	O	
the	B-FAC	O	O	O	
room	I-FAC	O	O	O	
.	O	O	O	O	

It	O	O	O	O	
was	O	O	O	O	
low	O	O	O	O	
,	O	O	O	O	
damp	O	O	O	O	
,	O	O	O	O	
--	O	O	O	O	
the	O	O	O	O	
earthen	O	O	O	O	
floor	O	O	O	O	
covered	O	O	O	O	
with	O	O	O	O	
a	O	O	O	O	
green	O	O	O	O	
,	O	O	O	O	
slimy	O	O	O	O	
moss	O	O	O	O	
,	O	O	O	O	
--	O	O	O	O	
a	O	O	O	O	
fetid	O	O	O	O	
air	O	O	O	O	
smothering	O	O	O	O	
the	O	O	O	O	
breath	O	O	O	O	
.	O	O	O	O	

Old	B-PER	O	O	O	
Wolfe	I-PER	O	O	O	
lay	O	O	O	O	
asleep	O	O	O	O	
on	O	O	O	O	
a	O	O	O	O	
heap	O	O	O	O	
of	O	O	O	O	
straw	O	O	O	O	
,	O	O	O	O	
wrapped	O	O	O	O	
in	O	O	O	O	
a	O	O	O	O	
torn	O	O	O	O	
horse-blanket	O	O	O	O	
.	O	O	O	O	

He	O	O	O	O	
was	O	O	O	O	
a	B-PER	O	O	O	
pale	I-PER	O	O	O	
,	I-PER	O	O	O	
meek	I-PER	O	O	O	
little	I-PER	O	O	O	
man	I-PER	O	O	O	
,	I-PER	O	O	O	
with	I-PER	O	O	O	
a	I-PER	O	O	O	
white	I-PER	O	O	O	
face	I-PER	O	O	O	
and	I-PER	O	O	O	
red	I-PER	O	O	O	
rabbit-eyes	I-PER	O	O	O	
.	O	O	O	O	

The	O	O	O	O	
woman	B-PER	O	O	O	
Deborah	B-PER	O	O	O	
was	O	O	O	O	
like	O	O	O	O	
him	O	O	O	O	
;	O	O	O	O	
only	O	O	O	O	
her	O	O	O	O	
face	O	O	O	O	
was	O	O	O	O	
even	O	O	O	O	
more	O	O	O	O	
ghastly	O	O	O	O	
,	O	O	O	O	
her	O	O	O	O	
lips	O	O	O	O	
bluer	O	O	O	O	
,	O	O	O	O	
her	O	O	O	O	
eyes	O	O	O	O	
more	O	O	O	O	
watery	O	O	O	O	
.	O	O	O	O	

She	O	O	O	O	
wore	O	O	O	O	
a	O	O	O	O	
faded	O	O	O	O	
cotton	O	O	O	O	
gown	O	O	O	O	
and	O	O	O	O	
a	O	O	O	O	
slouching	O	O	O	O	
bonnet	O	O	O	O	
.	O	O	O	O	

When	O	O	O	O	
she	O	O	O	O	
walked	O	O	O	O	
,	O	O	O	O	
one	O	O	O	O	
could	O	O	O	O	
see	O	O	O	O	
that	O	O	O	O	
she	O	O	O	O	
was	O	O	O	O	
deformed	O	O	O	O	
,	O	O	O	O	
almost	O	O	O	O	
a	B-PER	O	O	O	
hunchback	I-PER	O	O	O	
.	O	O	O	O	

She	O	O	O	O	
trod	O	O	O	O	
softly	O	O	O	O	
,	O	O	O	O	
so	O	O	O	O	
as	O	O	O	O	
not	O	O	O	O	
to	O	O	O	O	
waken	O	O	O	O	
him	O	O	O	O	
,	O	O	O	O	
and	O	O	O	O	
went	O	O	O	O	
through	O	O	O	O	
into	O	O	O	O	
the	B-FAC	O	O	O	
room	I-FAC	O	O	O	
beyond	I-FAC	O	O	O	
.	O	O	O	O	

There	O	O	O	O	
she	O	O	O	O	
found	O	O	O	O	
by	O	O	O	O	
the	O	O	O	O	
half-extinguished	O	O	O	O	
fire	O	O	O	O	
an	O	O	O	O	
iron	O	O	O	O	
saucepan	O	O	O	O	
filled	O	O	O	O	
with	O	O	O	O	
cold	O	O	O	O	
boiled	O	O	O	O	
potatoes	O	O	O	O	
,	O	O	O	O	
which	O	O	O	O	
she	O	O	O	O	
put	O	O	O	O	
upon	O	O	O	O	
a	O	O	O	O	
broken	O	O	O	O	
chair	O	O	O	O	
with	O	O	O	O	
a	O	O	O	O	
pint-cup	O	O	O	O	
of	O	O	O	O	
ale	O	O	O	O	
.	O	O	O	O	

Placing	O	O	O	O	
the	O	O	O	O	
old	O	O	O	O	
candlestick	O	O	O	O	
beside	O	O	O	O	
this	O	O	O	O	
dainty	O	O	O	O	
repast	O	O	O	O	
,	O	O	O	O	
she	O	O	O	O	
untied	O	O	O	O	
her	O	O	O	O	
bonnet	O	O	O	O	
,	O	O	O	O	
which	O	O	O	O	
hung	O	O	O	O	
limp	O	O	O	O	
and	O	O	O	O	
wet	O	O	O	O	
over	O	O	O	O	
her	O	O	O	O	
face	O	O	O	O	
,	O	O	O	O	
and	O	O	O	O	
prepared	O	O	O	O	
to	O	O	O	O	
eat	O	O	O	O	
her	O	O	O	O	
supper	O	O	O	O	
.	O	O	O	O	

It	O	O	O	O	
was	O	O	O	O	
the	O	O	O	O	
first	O	O	O	O	
food	O	O	O	O	
that	O	O	O	O	
had	O	O	O	O	
touched	O	O	O	O	
her	O	O	O	O	
lips	O	O	O	O	
since	O	O	O	O	
morning	O	O	O	O	
.	O	O	O	O	

There	O	O	O	O	
was	O	O	O	O	
enough	O	O	O	O	
of	O	O	O	O	
it	O	O	O	O	
,	O	O	O	O	
however	O	O	O	O	
:	O	O	O	O	
there	O	O	O	O	
is	O	O	O	O	
not	O	O	O	O	
always	O	O	O	O	
.	O	O	O	O	

She	O	O	O	O	
was	O	O	O	O	
hungry	O	O	O	O	
,	O	O	O	O	
--	O	O	O	O	
one	O	O	O	O	
could	O	O	O	O	
see	O	O	O	O	
that	O	O	O	O	
easily	O	O	O	O	
enough	O	O	O	O	
,	O	O	O	O	
--	O	O	O	O	
and	O	O	O	O	
not	O	O	O	O	
drunk	O	O	O	O	
,	O	O	O	O	
as	O	O	O	O	
most	B-PER	O	O	O	
of	I-PER	O	O	O	
her	I-PER	O	O	O	
companions	I-PER	O	O	O	
would	O	O	O	O	
have	O	O	O	O	
been	O	O	O	O	
found	O	O	O	O	
at	O	O	O	O	
this	O	O	O	O	
hour	O	O	O	O	
.	O	O	O	O	

She	O	O	O	O	
did	O	O	O	O	
not	O	O	O	O	
drink	O	O	O	O	
,	O	O	O	O	
this	B-PER	O	O	O	
woman	I-PER	O	O	O	
,	O	O	O	O	
--	O	O	O	O	
her	O	O	O	O	
face	O	O	O	O	
told	O	O	O	O	
that	O	O	O	O	
,	O	O	O	O	
too	O	O	O	O	
,	O	O	O	O	
--	O	O	O	O	
nothing	O	O	O	O	
stronger	O	O	O	O	
than	O	O	O	O	
ale	O	O	O	O	
.	O	O	O	O	

Perhaps	O	O	O	O	
the	B-PER	O	O	O	
weak	I-PER	O	O	O	
,	I-PER	O	O	O	
flaccid	I-PER	O	O	O	
wretch	I-PER	O	O	O	
had	O	O	O	O	
some	O	O	O	O	
stimulant	O	O	O	O	
in	O	O	O	O	
her	O	O	O	O	
pale	O	O	O	O	
life	O	O	O	O	
to	O	O	O	O	
keep	O	O	O	O	
her	O	O	O	O	
up	O	O	O	O	
,	O	O	O	O	
--	O	O	O	O	
some	O	O	O	O	
love	O	O	O	O	
or	O	O	O	O	
hope	O	O	O	O	
,	O	O	O	O	
it	O	O	O	O	
might	O	O	O	O	
be	O	O	O	O	
,	O	O	O	O	
or	O	O	O	O	
urgent	O	O	O	O	
need	O	O	O	O	
.	O	O	O	O	

When	O	O	O	O	
that	O	O	O	O	
stimulant	O	O	O	O	
was	O	O	O	O	
gone	O	O	O	O	
,	O	O	O	O	
she	O	O	O	O	
would	O	O	O	O	
take	O	O	O	O	
to	O	O	O	O	
whiskey	O	O	O	O	
.	O	O	O	O	

Man	B-PER	O	O	O	
can	O	O	O	O	
not	O	O	O	O	
live	O	O	O	O	
by	O	O	O	O	
work	O	O	O	O	
alone	O	O	O	O	
.	O	O	O	O	

While	O	O	O	O	
she	O	O	O	O	
was	O	O	O	O	
skinning	O	O	O	O	
the	O	O	O	O	
potatoes	O	O	O	O	
,	O	O	O	O	
and	O	O	O	O	
munching	O	O	O	O	
them	O	O	O	O	
,	O	O	O	O	
a	O	O	O	O	
noise	O	O	O	O	
behind	O	O	O	O	
her	O	O	O	O	
made	O	O	O	O	
her	O	O	O	O	
stop	O	O	O	O	
.	O	O	O	O	

